/*
Navicat MySQL Data Transfer

Source Server         : localhost_3306
Source Server Version : 50525
Source Host           : localhost:3306
Source Database       : ent

Target Server Type    : MYSQL
Target Server Version : 50525
File Encoding         : 65001

Date: 2014-05-15 21:23:13
*/

SET FOREIGN_KEY_CHECKS=0;

-- ----------------------------
-- Table structure for `adminuser`
-- ----------------------------
DROP TABLE IF EXISTS `adminuser`;
CREATE TABLE `adminuser` (
  `adminID` int(20) NOT NULL AUTO_INCREMENT,
  `adminName` char(200) DEFAULT NULL,
  `password` char(200) DEFAULT NULL,
  `signDate` datetime DEFAULT NULL,
  `authority` int(10) DEFAULT NULL,
  `firstName` char(20) DEFAULT NULL COMMENT '所属部门',
  `firstID` int(10) DEFAULT NULL,
  PRIMARY KEY (`adminID`)
) ENGINE=InnoDB AUTO_INCREMENT=3 DEFAULT CHARSET=utf8;

-- ----------------------------
-- Records of adminuser
-- ----------------------------
INSERT INTO `adminuser` VALUES ('1', 'admin', '123', '2013-11-20 21:24:25', '0', '管理员', '0');
INSERT INTO `adminuser` VALUES ('2', 'dxf', '111', '2014-03-31 22:26:46', '2', null, null);

-- ----------------------------
-- Table structure for `file`
-- ----------------------------
DROP TABLE IF EXISTS `file`;
CREATE TABLE `file` (
  `fileID` int(10) NOT NULL DEFAULT '0',
  `fileName` char(100) DEFAULT NULL,
  `fileInfo` char(200) DEFAULT NULL,
  `up_Date` datetime DEFAULT NULL,
  `author` char(100) DEFAULT NULL,
  `downTimes` int(10) DEFAULT NULL,
  `classify` char(200) DEFAULT NULL,
  PRIMARY KEY (`fileID`)
) ENGINE=InnoDB DEFAULT CHARSET=utf8;

-- ----------------------------
-- Records of file
-- ----------------------------
INSERT INTO `file` VALUES ('1', 's2.jpg', '', '2014-03-31 22:29:25', 'dxf', null, '文档');

-- ----------------------------
-- Table structure for `fileclass`
-- ----------------------------
DROP TABLE IF EXISTS `fileclass`;
CREATE TABLE `fileclass` (
  `id` int(5) NOT NULL AUTO_INCREMENT,
  `name` char(200) DEFAULT NULL,
  PRIMARY KEY (`id`)
) ENGINE=InnoDB AUTO_INCREMENT=2 DEFAULT CHARSET=utf8;

-- ----------------------------
-- Records of fileclass
-- ----------------------------
INSERT INTO `fileclass` VALUES ('1', '文档');

-- ----------------------------
-- Table structure for `fileinnews`
-- ----------------------------
DROP TABLE IF EXISTS `fileinnews`;
CREATE TABLE `fileinnews` (
  `fileNID` int(3) NOT NULL AUTO_INCREMENT,
  `fileName` char(200) DEFAULT NULL,
  `newsName` char(200) DEFAULT NULL,
  `newsID` int(3) DEFAULT NULL,
  `location` char(200) DEFAULT NULL,
  PRIMARY KEY (`fileNID`)
) ENGINE=InnoDB AUTO_INCREMENT=8 DEFAULT CHARSET=utf8;

-- ----------------------------
-- Records of fileinnews
-- ----------------------------
INSERT INTO `fileinnews` VALUES ('1', '95%的面试问题可归为7大类.docx', 'Test', '197', null);
INSERT INTO `fileinnews` VALUES ('4', '西班牙旅行笔记.txt', '33', '202', null);
INSERT INTO `fileinnews` VALUES ('5', '95%的面试问题可归为7大类.docx', '444', '204', null);
INSERT INTO `fileinnews` VALUES ('6', '清风曲.mp3', '444', '204', null);
INSERT INTO `fileinnews` VALUES ('7', 'srun3000 (1).exe', 'd', '205', null);

-- ----------------------------
-- Table structure for `firstsec`
-- ----------------------------
DROP TABLE IF EXISTS `firstsec`;
CREATE TABLE `firstsec` (
  `firstID` int(5) NOT NULL AUTO_INCREMENT,
  `isNav` char(5) DEFAULT NULL COMMENT '是否显示在导航条上',
  `isContent` char(5) DEFAULT NULL COMMENT '是否显示在内容版块上',
  `firstSectionName` char(50) DEFAULT NULL COMMENT '第一模块标题',
  `secLocate` char(50) DEFAULT NULL COMMENT '左中右',
  `orders` int(5) DEFAULT NULL COMMENT '排列顺序',
  `contentOrder` int(2) DEFAULT NULL,
  PRIMARY KEY (`firstID`)
) ENGINE=InnoDB AUTO_INCREMENT=23 DEFAULT CHARSET=utf8;

-- ----------------------------
-- Records of firstsec
-- ----------------------------
INSERT INTO `firstsec` VALUES ('4', 'yes', 'yes', '学术科研', 'left', '1', null);
INSERT INTO `firstsec` VALUES ('16', 'yes', 'no', '研究生教育', 'left', '2', null);
INSERT INTO `firstsec` VALUES ('18', 'yes', 'yes', '学院新闻', 'right', '1', null);
INSERT INTO `firstsec` VALUES ('19', 'yes', 'yes', '学术交流', 'right', '2', null);
INSERT INTO `firstsec` VALUES ('22', 'yes', 'no', '教学通知', 'left', '2', null);

-- ----------------------------
-- Table structure for `leader`
-- ----------------------------
DROP TABLE IF EXISTS `leader`;
CREATE TABLE `leader` (
  `teaLeaID` int(10) NOT NULL AUTO_INCREMENT,
  `teaLeaName` char(200) DEFAULT NULL,
  `teaLeaProfile` text,
  `tlID` int(11) DEFAULT NULL,
  `tlName` char(100) DEFAULT NULL,
  PRIMARY KEY (`teaLeaID`)
) ENGINE=InnoDB DEFAULT CHARSET=utf8;

-- ----------------------------
-- Records of leader
-- ----------------------------

-- ----------------------------
-- Table structure for `link`
-- ----------------------------
DROP TABLE IF EXISTS `link`;
CREATE TABLE `link` (
  `webID` int(5) NOT NULL AUTO_INCREMENT,
  `webName` char(200) DEFAULT NULL,
  `webAddr` char(250) DEFAULT NULL,
  `visitTimes` int(10) DEFAULT NULL,
  `linkOrder` int(3) DEFAULT NULL,
  PRIMARY KEY (`webID`)
) ENGINE=InnoDB AUTO_INCREMENT=28 DEFAULT CHARSET=utf8;

-- ----------------------------
-- Records of link
-- ----------------------------
INSERT INTO `link` VALUES ('3', '北京大学哲学系', 'http://www.phil.pku.edu.cn/', '0', '5');
INSERT INTO `link` VALUES ('9', '中国人民大学哲学院', 'http://phi.ruc.edu.cn/', '0', '6');
INSERT INTO `link` VALUES ('11', '中国社会科学院哲学研究所', 'http://philosophy.cass.cn/', '0', '7');
INSERT INTO `link` VALUES ('12', '香港大学哲学系', 'http://www.philosophy.hku.hk/', '0', '8');
INSERT INTO `link` VALUES ('13', '香港中文大学哲学系', 'http://phil.arts.cuhk.edu.hk/', '0', '9');
INSERT INTO `link` VALUES ('14', '网易公开课', 'http://open.163.com/', '0', '11');
INSERT INTO `link` VALUES ('15', 'MOOC中文网', 'http://www.mooc.cn/', '0', '12');
INSERT INTO `link` VALUES ('16', '爱课程', 'http://www.icourses.cn/home/', '0', '13');
INSERT INTO `link` VALUES ('23', '中华人民共国教育部', 'http://www.moe.gov.cn/', '0', '1');
INSERT INTO `link` VALUES ('24', '北京市教育委员会', 'http://www.bjedu.gov.cn/publish/portal27/', '0', '2');
INSERT INTO `link` VALUES ('25', '研究生招生信息网', 'http://yz.chsi.com.cn/', '0', '3');
INSERT INTO `link` VALUES ('26', '北京市高校毕业生就业信息网', 'http://www.bjbys.net.cn/', '0', '4');
INSERT INTO `link` VALUES ('27', '吉林大学哲学社会学院', 'http://zsy.jlu.edu.cn/', '0', '10');

-- ----------------------------
-- Table structure for `loginlog`
-- ----------------------------
DROP TABLE IF EXISTS `loginlog`;
CREATE TABLE `loginlog` (
  `logID` int(20) NOT NULL AUTO_INCREMENT,
  `adminID` int(20) DEFAULT NULL,
  `adminName` char(100) DEFAULT NULL,
  `loginTime` datetime DEFAULT NULL,
  `loginIP` char(100) DEFAULT NULL,
  PRIMARY KEY (`logID`)
) ENGINE=InnoDB AUTO_INCREMENT=368 DEFAULT CHARSET=utf8;

-- ----------------------------
-- Records of loginlog
-- ----------------------------
INSERT INTO `loginlog` VALUES ('254', '1', 'admin', '2014-02-23 22:04:34', '10.10.135.236');
INSERT INTO `loginlog` VALUES ('255', '1', 'admin', '2014-02-23 22:24:41', '10.10.135.236');
INSERT INTO `loginlog` VALUES ('256', '1', 'admin', '2014-03-17 10:46:29', '10.10.135.247');
INSERT INTO `loginlog` VALUES ('257', '1', 'admin', '2014-03-17 11:34:36', '10.10.135.247');
INSERT INTO `loginlog` VALUES ('258', '1', 'admin', '2014-03-17 11:37:01', '10.10.135.247');
INSERT INTO `loginlog` VALUES ('259', '1', 'admin', '2014-03-17 16:15:51', '10.10.135.247');
INSERT INTO `loginlog` VALUES ('260', '1', 'admin', '2014-03-17 16:15:52', '10.10.135.247');
INSERT INTO `loginlog` VALUES ('261', '1', 'admin', '2014-03-17 16:17:32', '10.10.135.247');
INSERT INTO `loginlog` VALUES ('262', '1', 'admin', '2014-03-17 16:53:20', '10.10.135.247');
INSERT INTO `loginlog` VALUES ('263', '1', 'admin', '2014-03-17 16:56:13', '10.10.135.247');
INSERT INTO `loginlog` VALUES ('264', '1', 'admin', '2014-03-17 17:26:21', '10.10.135.247');
INSERT INTO `loginlog` VALUES ('265', '1', 'admin', '2014-03-17 17:27:28', '10.10.135.247');
INSERT INTO `loginlog` VALUES ('266', '1', 'admin', '2014-03-17 17:30:21', '10.10.135.247');
INSERT INTO `loginlog` VALUES ('267', '1', 'admin', '2014-03-17 20:31:05', '10.10.135.247');
INSERT INTO `loginlog` VALUES ('268', '1', 'admin', '2014-03-17 20:45:07', '10.10.135.247');
INSERT INTO `loginlog` VALUES ('269', '1', 'admin', '2014-03-17 20:45:26', '10.10.135.247');
INSERT INTO `loginlog` VALUES ('270', '1', 'admin', '2014-03-17 20:46:33', '10.10.135.247');
INSERT INTO `loginlog` VALUES ('271', '1', 'admin', '2014-03-17 20:56:00', '10.10.135.247');
INSERT INTO `loginlog` VALUES ('272', '1', 'admin', '2014-03-17 21:02:41', '10.10.135.247');
INSERT INTO `loginlog` VALUES ('273', '1', 'admin', '2014-03-17 21:09:23', '10.10.135.247');
INSERT INTO `loginlog` VALUES ('274', '13', 'dxf', '2014-03-17 22:15:17', '10.10.135.247');
INSERT INTO `loginlog` VALUES ('275', '13', 'dxf', '2014-03-17 22:32:46', '10.10.135.247');
INSERT INTO `loginlog` VALUES ('276', '13', 'dxf', '2014-03-17 22:40:55', '10.10.135.247');
INSERT INTO `loginlog` VALUES ('277', '13', 'dxf', '2014-03-17 23:37:54', '10.10.135.247');
INSERT INTO `loginlog` VALUES ('278', '13', 'dxf', '2014-03-17 23:38:06', '10.10.135.247');
INSERT INTO `loginlog` VALUES ('279', '13', 'dxf', '2014-03-17 23:39:50', '10.10.135.247');
INSERT INTO `loginlog` VALUES ('280', '13', 'dxf', '2014-03-17 23:40:04', '10.10.135.247');
INSERT INTO `loginlog` VALUES ('281', '13', 'dxf', '2014-03-17 23:40:54', '10.10.135.247');
INSERT INTO `loginlog` VALUES ('282', '13', 'dxf', '2014-03-17 23:45:32', '10.10.135.247');
INSERT INTO `loginlog` VALUES ('283', '1', 'admin', '2014-03-17 23:51:58', '10.10.135.247');
INSERT INTO `loginlog` VALUES ('284', '13', 'dxf', '2014-03-17 23:52:21', '10.10.135.247');
INSERT INTO `loginlog` VALUES ('285', '1', 'admin', '2014-03-18 09:11:02', '10.10.135.247');
INSERT INTO `loginlog` VALUES ('286', '1', 'admin', '2014-03-18 09:14:21', '10.10.135.247');
INSERT INTO `loginlog` VALUES ('287', '1', 'admin', '2014-03-18 09:15:21', '10.10.135.247');
INSERT INTO `loginlog` VALUES ('288', '13', 'dxf', '2014-03-18 09:15:27', '10.10.135.247');
INSERT INTO `loginlog` VALUES ('289', '13', 'dxf', '2014-03-18 09:21:03', '10.10.135.247');
INSERT INTO `loginlog` VALUES ('290', '13', 'dxf', '2014-03-18 09:41:42', '10.10.135.247');
INSERT INTO `loginlog` VALUES ('291', '13', 'dxf', '2014-03-18 09:43:05', '10.10.135.247');
INSERT INTO `loginlog` VALUES ('292', '13', 'dxf', '2014-03-18 09:49:04', '10.10.135.247');
INSERT INTO `loginlog` VALUES ('293', '13', 'dxf', '2014-03-18 09:57:32', '10.10.135.247');
INSERT INTO `loginlog` VALUES ('294', '13', 'dxf', '2014-03-18 10:08:20', '10.10.135.247');
INSERT INTO `loginlog` VALUES ('295', '13', 'dxf', '2014-03-18 10:11:18', '10.10.135.247');
INSERT INTO `loginlog` VALUES ('296', '1', 'admin', '2014-03-18 10:12:16', '10.10.135.247');
INSERT INTO `loginlog` VALUES ('297', '1', 'admin', '2014-03-18 11:31:30', '10.10.135.247');
INSERT INTO `loginlog` VALUES ('298', '1', 'admin', '2014-03-18 12:36:30', '10.10.135.247');
INSERT INTO `loginlog` VALUES ('299', '1', 'admin', '2014-03-18 13:51:13', '10.10.135.247');
INSERT INTO `loginlog` VALUES ('300', '1', 'admin', '2014-03-18 16:09:18', '10.10.135.247');
INSERT INTO `loginlog` VALUES ('301', '1', 'admin', '2014-03-18 21:19:05', '10.10.135.247');
INSERT INTO `loginlog` VALUES ('302', '1', 'admin', '2014-03-19 10:49:17', '10.10.135.247');
INSERT INTO `loginlog` VALUES ('303', '1', 'admin', '2014-03-19 14:14:01', '10.10.135.247');
INSERT INTO `loginlog` VALUES ('304', '1', 'admin', '2014-03-19 16:05:37', '10.10.135.247');
INSERT INTO `loginlog` VALUES ('305', '1', 'admin', '2014-03-19 20:19:21', '10.10.135.247');
INSERT INTO `loginlog` VALUES ('306', '1', 'admin', '2014-03-20 10:55:18', '10.10.135.247');
INSERT INTO `loginlog` VALUES ('307', '1', 'admin', '2014-03-20 14:18:09', '10.10.135.247');
INSERT INTO `loginlog` VALUES ('308', '1', 'admin', '2014-03-20 22:05:13', '10.10.135.247');
INSERT INTO `loginlog` VALUES ('309', '1', 'admin', '2014-03-20 23:18:14', '10.10.135.247');
INSERT INTO `loginlog` VALUES ('310', '1', 'admin', '2014-03-20 23:37:01', '10.10.135.247');
INSERT INTO `loginlog` VALUES ('311', '1', 'admin', '2014-03-21 11:07:16', '10.10.135.247');
INSERT INTO `loginlog` VALUES ('312', '1', 'admin', '2014-03-22 15:58:00', '10.10.135.247');
INSERT INTO `loginlog` VALUES ('313', '1', 'admin', '2014-03-22 16:42:40', '10.10.135.247');
INSERT INTO `loginlog` VALUES ('314', '1', 'admin', '2014-03-22 22:50:53', '10.10.135.247');
INSERT INTO `loginlog` VALUES ('315', '1', 'admin', '2014-03-23 14:47:24', '10.10.135.247');
INSERT INTO `loginlog` VALUES ('316', '1', 'admin', '2014-03-24 08:47:09', '10.10.135.247');
INSERT INTO `loginlog` VALUES ('317', '1', 'admin', '2014-03-24 20:22:41', '10.10.135.247');
INSERT INTO `loginlog` VALUES ('318', '1', 'admin', '2014-03-25 08:39:24', '10.10.135.247');
INSERT INTO `loginlog` VALUES ('319', '1', 'admin', '2014-03-25 13:30:07', '10.10.135.247');
INSERT INTO `loginlog` VALUES ('320', '1', 'admin', '2014-03-25 13:32:38', '10.10.135.247');
INSERT INTO `loginlog` VALUES ('321', '1', 'admin', '2014-03-25 13:33:03', '10.10.135.247');
INSERT INTO `loginlog` VALUES ('322', '1', 'admin', '2014-03-25 13:37:53', '10.10.135.247');
INSERT INTO `loginlog` VALUES ('323', '1', 'admin', '2014-03-25 13:38:33', '10.10.135.247');
INSERT INTO `loginlog` VALUES ('324', '1', 'admin', '2014-03-25 13:41:32', '10.10.135.247');
INSERT INTO `loginlog` VALUES ('325', '1', 'admin', '2014-03-25 13:43:18', '10.10.135.247');
INSERT INTO `loginlog` VALUES ('326', '1', 'admin', '2014-03-25 13:44:04', '10.10.135.247');
INSERT INTO `loginlog` VALUES ('327', '1', 'admin', '2014-03-25 13:45:12', '10.10.135.247');
INSERT INTO `loginlog` VALUES ('328', '1', 'admin', '2014-03-25 13:46:03', '10.10.135.247');
INSERT INTO `loginlog` VALUES ('329', '1', 'admin', '2014-03-25 13:46:41', '10.10.135.247');
INSERT INTO `loginlog` VALUES ('330', '1', 'admin', '2014-03-25 13:47:04', '10.10.135.247');
INSERT INTO `loginlog` VALUES ('331', '1', 'admin', '2014-03-25 13:47:32', '10.10.135.247');
INSERT INTO `loginlog` VALUES ('332', '1', 'admin', '2014-03-25 13:48:16', '10.10.135.247');
INSERT INTO `loginlog` VALUES ('333', '1', 'admin', '2014-03-25 13:48:47', '10.10.135.247');
INSERT INTO `loginlog` VALUES ('334', '1', 'admin', '2014-03-25 13:49:58', '10.10.135.247');
INSERT INTO `loginlog` VALUES ('335', '1', 'admin', '2014-03-25 13:50:51', '10.10.135.247');
INSERT INTO `loginlog` VALUES ('336', '1', 'admin', '2014-03-25 13:51:26', '10.10.135.247');
INSERT INTO `loginlog` VALUES ('337', '1', 'admin', '2014-03-25 13:51:47', '10.10.135.247');
INSERT INTO `loginlog` VALUES ('338', '1', 'admin', '2014-03-25 13:52:10', '10.10.135.247');
INSERT INTO `loginlog` VALUES ('339', '1', 'admin', '2014-03-25 13:53:00', '10.10.135.247');
INSERT INTO `loginlog` VALUES ('340', '1', 'admin', '2014-03-25 13:53:20', '10.10.135.247');
INSERT INTO `loginlog` VALUES ('341', '1', 'admin', '2014-03-25 13:53:48', '10.10.135.247');
INSERT INTO `loginlog` VALUES ('342', '1', 'admin', '2014-03-25 13:56:23', '10.10.135.247');
INSERT INTO `loginlog` VALUES ('343', '1', 'admin', '2014-03-25 13:56:37', '10.10.135.247');
INSERT INTO `loginlog` VALUES ('344', '1', 'admin', '2014-03-25 13:57:40', '10.10.135.247');
INSERT INTO `loginlog` VALUES ('345', '1', 'admin', '2014-03-25 13:59:19', '10.10.135.247');
INSERT INTO `loginlog` VALUES ('346', '1', 'admin', '2014-03-25 13:59:35', '10.10.135.247');
INSERT INTO `loginlog` VALUES ('347', '1', 'admin', '2014-03-25 14:00:10', '10.10.135.247');
INSERT INTO `loginlog` VALUES ('348', '1', 'admin', '2014-03-25 14:01:09', '10.10.135.247');
INSERT INTO `loginlog` VALUES ('349', '1', 'admin', '2014-03-25 14:01:09', '10.10.135.247');
INSERT INTO `loginlog` VALUES ('350', '1', 'admin', '2014-03-25 14:01:24', '10.10.135.247');
INSERT INTO `loginlog` VALUES ('351', '1', 'admin', '2014-03-25 14:01:36', '10.10.135.247');
INSERT INTO `loginlog` VALUES ('352', '1', 'admin', '2014-03-25 14:01:46', '10.10.135.247');
INSERT INTO `loginlog` VALUES ('353', '1', 'admin', '2014-03-25 14:10:40', '10.10.135.247');
INSERT INTO `loginlog` VALUES ('354', '1', 'admin', '2014-03-25 14:11:01', '10.10.135.247');
INSERT INTO `loginlog` VALUES ('355', '1', 'admin', '2014-03-25 14:25:37', '10.10.135.247');
INSERT INTO `loginlog` VALUES ('356', '1', 'admin', '2014-03-25 17:28:39', '10.10.135.247');
INSERT INTO `loginlog` VALUES ('357', '1', 'admin', '2014-03-26 22:15:54', '10.10.135.247');
INSERT INTO `loginlog` VALUES ('358', '1', 'admin', '2014-03-29 17:43:09', '10.10.135.247');
INSERT INTO `loginlog` VALUES ('359', '1', 'admin', '2014-03-31 22:24:18', '10.10.135.247');
INSERT INTO `loginlog` VALUES ('360', '2', 'dxf', '2014-03-31 22:26:54', '10.10.135.247');
INSERT INTO `loginlog` VALUES ('361', '1', 'admin', '2014-04-01 14:24:52', '10.10.135.247');
INSERT INTO `loginlog` VALUES ('362', '1', 'admin', '2014-04-02 22:04:20', '10.10.135.247');
INSERT INTO `loginlog` VALUES ('363', '1', 'admin', '2014-04-08 22:52:19', '10.10.135.247');
INSERT INTO `loginlog` VALUES ('364', '1', 'admin', '2014-04-09 14:55:51', '10.10.135.247');
INSERT INTO `loginlog` VALUES ('365', '1', 'admin', '2014-04-22 19:59:03', '10.10.135.247');
INSERT INTO `loginlog` VALUES ('366', '1', 'admin', '2014-04-22 23:41:01', '10.10.135.247');
INSERT INTO `loginlog` VALUES ('367', '1', 'admin', '2014-04-23 15:36:55', '10.10.135.247');

-- ----------------------------
-- Table structure for `logoright`
-- ----------------------------
DROP TABLE IF EXISTS `logoright`;
CREATE TABLE `logoright` (
  `picID` int(3) NOT NULL AUTO_INCREMENT,
  `picLocation` char(200) DEFAULT NULL,
  `sectionID` int(10) DEFAULT NULL,
  `subNavName` char(200) DEFAULT NULL,
  `secName` char(200) DEFAULT NULL,
  `secIDforSub` int(10) DEFAULT NULL,
  PRIMARY KEY (`picID`)
) ENGINE=InnoDB AUTO_INCREMENT=48 DEFAULT CHARSET=utf8;

-- ----------------------------
-- Records of logoright
-- ----------------------------
INSERT INTO `logoright` VALUES ('47', '/EntAdmin/attached/image/20140324/20140324113634_282.gif', '71', '22', '多彩生活', '65');

-- ----------------------------
-- Table structure for `news`
-- ----------------------------
DROP TABLE IF EXISTS `news`;
CREATE TABLE `news` (
  `newsID` int(5) NOT NULL AUTO_INCREMENT,
  `newsTitle` char(200) NOT NULL,
  `newsContent` text,
  `Author` char(20) NOT NULL,
  `subDate` datetime NOT NULL,
  `modAuthor` char(20) DEFAULT NULL,
  `modDate` datetime DEFAULT NULL,
  `readTimes` int(50) DEFAULT NULL,
  `secSecID` int(50) DEFAULT NULL,
  `secFirstID` int(50) DEFAULT NULL,
  `secSecName` char(200) DEFAULT NULL,
  `secFirstName` char(200) DEFAULT NULL,
  `isChecked` char(20) DEFAULT NULL,
  `isTop` char(20) DEFAULT NULL,
  `haveFile` int(3) DEFAULT NULL,
  `notSee` int(2) DEFAULT NULL,
  PRIMARY KEY (`newsID`)
) ENGINE=InnoDB AUTO_INCREMENT=206 DEFAULT CHARSET=utf8;

-- ----------------------------
-- Records of news
-- ----------------------------
INSERT INTO `news` VALUES ('1180', '俞正声：探索与行政区划适当分离的司法制度', '<span style=\"font-family:宋体, simsun, sans-serif, Arial;font-size:14px;line-height:26px;background-color:#FFFFFF;\">　委员们提出了实施企业机制创新、科技创新和管理创新“三创”并举，发展混合所有制经济，促进国企与民企协调发展，坚持以市场取向、科学发展导向、基本工作服务均等化为原则，改革财税体制。完善“走出去”战略规划和服务机制，探索建立与行政区划适当分离的司法管辖制度。健全企事业单位民主管理制度，完善企业职工工资集体协商制度等重要建议。[15:17]</span>', 'authordefault', '2014-03-04 00:30:15', null, null, '8', '17', '16', '教学通知', '学院概况', '1', '1', '0', '0');
INSERT INTO `news` VALUES ('81', '乌克兰向中国转移野牛气垫船 防战争威胁(图)', '<div class=\"text clear\" id=\"contentText\" style=\"border:0px;margin:0px auto 24px;padding:0px;font-size:14px;color:#333333;font-family:宋体, simsun, sans-serif, Arial;background-color:#FFFFFF;\">\n	<div style=\"border:0px;margin:0px;padding:0px;\">\n		　　【环球网报道 记者 翟潞曼】据乌克兰“Kafanews.com”新闻网、俄罗斯军工综合体新闻网3月3日消息，乌克兰“大海”造船厂已开始向中国移交12322型“野牛”气垫登陆船。<br />\n　　当地时间3月1日上午，中国在乌克兰订购的12322型“野牛”气垫登陆船已在拖船的帮助下进入费奥多西亚港口，在那里它将被装载进浮箱转移。<br />\n　　据报道，此次紧急转移是为防止可能的军事行动威胁。<br />\n　　据此前报道，俄罗斯总统普京请求上议院批准向乌克兰克里米亚使用武装部队。俄罗斯联邦委员会1日同意采取全面措施，保护在乌克兰的俄罗斯公民及军人的生命和安全。\n	</div>\n</div>\n<div class=\"original-title\" style=\"border:0px;margin:0px auto 13px;padding:0px;font-size:14px;background-color:#FFFFFF;color:#333333;font-family:宋体, simsun, sans-serif, Arial;\">\n	<span class=\"editer\">(责任编辑：UN642)</span>原标题：乌克兰向中国紧急转移野牛气垫船 防战争威胁(图)\n</div>', 'authordefault', '2014-03-04 00:34:33', null, null, '3', '17', '16', '教学通知', '学院概况', '1', '0', '0', '0');
INSERT INTO `news` VALUES ('82', '61分!詹皇8三分破生涯纪录 热火胜山猫迎八连胜', '<p style=\"font-size:14px;font-family:宋体, simsun, sans-serif, Arial;background-color:#FFFFFF;\">\n	北京时间3月4日，NBA常规赛继续进行，热火坐镇主场迎战山猫，本场比赛韦德轮休缺阵。尽管杰弗森全场砍下超级两双的数据，带领山猫在上半场紧紧咬住比分，然而詹姆斯第三节独砍25分，整场比赛疯狂轰下61分，带领热火以124-107击败山猫取得八连胜。<strong>詹姆斯的61分打破了个人NBA生涯得分纪录（此前纪录为56分），其中三分球10投8中平了生涯三分球纪录，同时也打破了热火队史的得分纪录（此前纪录为格伦-莱斯的56分）。另外，这也是本赛季NBA单场第二高得分纪录，此前的纪录是安东尼的62分。</strong>\n</p>\n<p style=\"font-size:14px;font-family:宋体, simsun, sans-serif, Arial;background-color:#FFFFFF;\">\n	　　热火球星波什拿到15分7篮板，阿伦9分4助攻，查莫斯4分7助攻，奥登打了5分02秒有4分入账，道格拉斯10分。山猫球星杰弗森刷下38分19篮板的超级两双数据，道格拉斯-罗伯茨和托利沃尔均拿到12分，泽勒10和尼尔各自贡献10分，沃克仅有7分8助攻的表现。\n</p>\n<p style=\"font-size:14px;font-family:宋体, simsun, sans-serif, Arial;background-color:#FFFFFF;\">\n	<strong>　　杰弗森14分孤身叫板双巨头</strong>\n</p>\n<p style=\"font-size:14px;font-family:宋体, simsun, sans-serif, Arial;background-color:#FFFFFF;\">\n	　　吉尔克里斯特一开场就先为山猫进球，詹姆斯立马回敬一球，然而尼尔的三分球为山猫拉开了强烈攻势，杰弗森和吉尔克里斯特各自开火，山猫直接轰出13-4的攻击波取得9分的领先。眼看热火陷入颓势，波什和詹姆斯连续得分，随后道格拉斯和巴蒂尔也有进账，热火立马打出10-2的攻击波将分差迅速缩小。杰弗森成为山猫的进攻主轴，连续强打内线得分，波什也不甘示弱面对新“猫王”也是连投带罚得手。詹姆斯连投带罚拿到4分，随后阿伦也三分命中，热火打出9-3的攻击波，首节以29-26领先山猫。杰弗森首节就斩下14分3篮板，波什则拿到8分3篮板，詹姆斯第一节拿到11分2篮板3助攻。\n</p>\n<p style=\"font-size:14px;font-family:宋体, simsun, sans-serif, Arial;background-color:#FFFFFF;\">\n	<strong>　　巅峰大战詹皇独战猫王</strong>\n</p>\n<p style=\"font-size:14px;font-family:宋体, simsun, sans-serif, Arial;background-color:#FFFFFF;\">\n	　　詹姆斯在第二节依然火爆，连投带罚得分热火打出6-0的进攻将差距进一步扩大。道格拉斯2+1得手将分差缩小，只是比斯利和詹姆斯各自进账，热火取得11分的领先。山猫并没有坐以待毙，杰弗森继续进球，道格拉斯和里德诺各自三分命中，回敬一波10-4的进攻再度将差距缩小。阿伦连续两记三分命中这才为热火稳住局面，只是杰弗森的内线火力极为火爆，连续得分打得奥登晕头转向。詹姆斯连投带罚拿到5分重新为热火振奋士气，杰弗森和麦克罗伯茨各自进球为山猫再度将差距缩小。詹姆斯最后时刻两罚一中，热火以60-54领先山猫。詹姆斯本节独砍13分，但是山猫球星杰弗森本节同样也刷下12分。\n</p>\n<p style=\"font-size:14px;font-family:宋体, simsun, sans-serif, Arial;background-color:#FFFFFF;\">\n	<strong>　　詹皇单节4记三分狂斩25分</strong>\n</p>\n<p style=\"font-size:14px;font-family:宋体, simsun, sans-serif, Arial;background-color:#FFFFFF;\">\n	　　进入到下半场之后詹姆斯继续狂飙，连续两记三分命中之后再进一球，随着波什连续进账，热火立马轰出一波15-5的超级攻击波，分差扩大到16分。沃克和杰弗森分别命中才刚为杰弗森得分，只是詹姆斯的势头依然不减，他和道格拉斯分别三分命中，一波8-0的攻击波将差距扩大到20分之多。杰弗森连续命中，山猫回敬一波6-0的进攻稍微稳住局面，然而詹姆斯连续两个2+1得手之后，又是连续两记三分命中，独自带领热火轰出12-4的进攻狂潮。吉尔克里斯特两罚全中才刚为山猫得分，“鸟人”安德森出人意料地又是三分命中。山猫连得4分，但是热火仍以98-79领先。詹姆斯本节疯狂轰下25分。\n</p>\n<p style=\"font-size:14px;font-family:宋体, simsun, sans-serif, Arial;background-color:#FFFFFF;\">\n	<strong>　　詹姆斯破生涯纪录屠山猫</strong>\n</p>\n<p style=\"font-size:14px;font-family:宋体, simsun, sans-serif, Arial;background-color:#FFFFFF;\">\n	　　詹姆斯在末节的狂暴势头依然没有结束，连进两球之后全场球迷高呼“MVP”，山猫连拿5分这才稍微稳住局面。科尔在还剩8分48秒时撞到对手，胯部被撞疼得倒地，被查莫斯换下场休息。由于詹姆斯的表现过于狂暴，山猫几乎是全队5人都在围剿詹姆斯，这才稍微缓解了热火的势头。山猫射手托利沃尔连续三分命中，山猫将差距缩小到15分。詹姆斯在还剩5分46秒时上篮得分拿到第57分，打破生涯得分纪录。此后的比赛已经毫无悬念，詹姆斯继续刷分，最终热火以124-107击败山猫。\n</p>', 'authordefault', '2014-03-04 13:10:41', null, null, '1', '17', '16', '教学通知', '学院概况', '1', '0', '0', '0');
INSERT INTO `news` VALUES ('83', '傅莹：代表团集体吃自助餐 不安排高档菜肴酒水', '<span style=\"font-family:宋体, simsun, sans-serif, Arial;font-size:14px;line-height:26px;background-color:#FFFFFF;\">全国人民代表大会应该是务实节俭的模范。今年我们提出17项改进会风的措施，包括进一步要简化会场的布置，代表入住和离开驻地时一律不搞迎送仪式，不相互宴请，不相互赠送礼品、土特产、纪念品。代表团集体吃自助餐，一律不安排高档菜肴和酒水。会议一律不接受任何单位、企业赠送图书和产品。我们将努力开成一个风清气正的大会，也欢迎人民监督。[11:10]</span>', 'authordefault', '2014-03-04 13:29:11', null, null, '4', '18', '16', '学科介绍', '学院概况', '1', '0', '0', '0');
INSERT INTO `news` VALUES ('85', '大使回应“中日必有一战”:若制造事端坚决应对', '<span style=\"color:#333333;font-family:宋体, simsun, sans-serif, Arial;font-size:14px;line-height:26px;background-color:#FFFFFF;\">　　中新社北京3月4日电(记者 吴旭)全国政协委员、中国驻日本大使程永华两会期间就当前中日关系发表看法，表示中国主张通过对话、协商解决和日本之间的问题，但如有个别人要制造事端，中方会坚决应对。</span><br />\n<br />\n<span style=\"color:#333333;font-family:宋体, simsun, sans-serif, Arial;font-size:14px;line-height:26px;background-color:#FFFFFF;\">　　日本首相安倍晋三2013年底参拜靖国神社，引发国际舆论哗然。而后安倍政府试图强行修改“宪法解释”，允许自卫队“行使集体自卫权”等一系列“右倾化”举动进一步恶化中日关系。</span><br />\n<br />\n<span style=\"color:#333333;font-family:宋体, simsun, sans-serif, Arial;font-size:14px;line-height:26px;background-color:#FFFFFF;\">　　针对中日关系恶化或引发“中日必有一战”的猜测，程永华说，“我们主张对话协商，但同时也要有一种思维，即要坚决应对刻意制造、强加于我们的事端。”</span><br />\n<br />\n<span style=\"color:#333333;font-family:宋体, simsun, sans-serif, Arial;font-size:14px;line-height:26px;background-color:#FFFFFF;\">　　程永华表示，中日关系目前正处于邦交正常化以来最严峻时期，“参拜靖国神社问题是中日关系当中的一条‘红线’，安倍首相一意孤行，执意参拜，关闭了同中国对话的大门。在这种情况下，双方要谈如何改善关系更加困难。”</span><br />\n<br />\n<span style=\"color:#333333;font-family:宋体, simsun, sans-serif, Arial;font-size:14px;line-height:26px;background-color:#FFFFFF;\">　　中国日前决定以立法形式确定中国人民抗日战争胜利纪念日、设立南京大屠杀死难者国家公祭日的消息引发外界对中日关系新一轮的猜测。</span><br />\n<br />\n<span style=\"color:#333333;font-family:宋体, simsun, sans-serif, Arial;font-size:14px;line-height:26px;background-color:#FFFFFF;\">　　对此，程永华回应称，此举是为更好地以史为鉴、面向未来，推动两国关系更健康、稳定的发展。“开展这样一个纪念活动的意义，不是为延续仇恨，而是为汲取教训，不能让过去的事情再次发生。”</span><br />\n<br />\n<span style=\"color:#333333;font-family:宋体, simsun, sans-serif, Arial;font-size:14px;line-height:26px;background-color:#FFFFFF;\">　　程永华介绍说，现在中日两国民意出现一些对立的趋向，一些民间团体也做过调查，双方大概有90%以上的民众都对对方国家没有好感。“这个情况也更加说明，双方需要更多地开展民间交流。”</span><br />\n<br />\n<span style=\"color:#333333;font-family:宋体, simsun, sans-serif, Arial;font-size:14px;line-height:26px;background-color:#FFFFFF;\">　　“我在日本工作、学习已有26年”，程永华说，“实际上大多数日本人民是爱好和平的，也希望和中国改善关系。我经常在日本讲，增进了解才能增进理解，有了理解才能相互信任，而有了信任才能产生友好感情。”(完)</span>', 'authordefault', '2014-03-04 18:34:30', null, null, '5', '17', '16', '教学通知', '学院概况', '1', '0', '0', '0');
INSERT INTO `news` VALUES ('91', '习近平借主持人身材赞上海政府“瘦身”明显', '<p style=\"font-size:14px;font-family:宋体, simsun, sans-serif, Arial;background-color:#FFFFFF;\">\n	　3月5日下午2点40分，人民大会堂上海厅。上海团的全国人大代表先后在会场入座，等待上海选出的全国人大代表、中共中央总书记、国家主席、中央军委主席习近平的到来。\n</p>\n<p style=\"font-size:14px;font-family:宋体, simsun, sans-serif, Arial;background-color:#FFFFFF;\">\n	　　3点，在热烈的掌声中，习近平总书记走进上海厅，沿着“回”字形会场的内圈与代表们一一握手。见到一些老面孔，他笑着打招呼：“你是老代表了。”\n</p>\n<p style=\"font-size:14px;font-family:宋体, simsun, sans-serif, Arial;background-color:#FFFFFF;\">\n	　　“今天下午，我们根据大会议程安排举行全团会议，审议政府工作报告。习近平总书记作为上海代表团的成员，和我们一起参加全团审议。”中共中央政治局委员、上海市委书记韩正代表宣布审议开始。\n</p>\n<p style=\"font-size:14px;font-family:宋体, simsun, sans-serif, Arial;background-color:#FFFFFF;\">\n	　　审议持续两个半小时，包括上海市委书记韩正代表、上海市长杨雄代表在内的9名代表先后发言，会场气氛热烈。总书记仔细听取大家发言，多次低头记录，不时与代表互动交流。代表发言结束后，总书记说，看到大家感到很亲切，我有三年多没去上海了，但是，我时刻关注着上海发展，惦记着大家。\n</p>\n<p style=\"font-size:14px;font-family:宋体, simsun, sans-serif, Arial;background-color:#FFFFFF;\">\n	<strong>　　通过改革巩固改革共识</strong>\n</p>\n<p style=\"font-size:14px;font-family:宋体, simsun, sans-serif, Arial;background-color:#FFFFFF;\">\n	　　2014年，距离完成十八届三中全会定下的改革任务还有7年。\n</p>\n<p style=\"font-size:14px;font-family:宋体, simsun, sans-serif, Arial;background-color:#FFFFFF;\">\n	　　中央要求上海当好改革开放的排头兵和科学发展的先行者，“深化改革”始终是上海代表团的中心议题。上海社会科学院院长王战代表选择了这个“大题目”作发言。\n</p>\n<p style=\"font-size:14px;font-family:宋体, simsun, sans-serif, Arial;background-color:#FFFFFF;\">\n	　　春节前，上海社科院做了个调研，向139位国内外专家发放问卷。结果显示，大家对过去3个月国家出台的12项改革中的7项评价良好，包括厉行节约、反对浪费、党风廉政建设、单独两孩、废除劳教、成立全面深化改革领导小组、改革工商登记制度、成立上海自贸区。“也有反应不佳的，比如新股发行制度改革。我觉得这项改革方向是对的，问题是落而不实。”王战说到这里时，总书记拿起笔做记录。\n</p>\n<p style=\"font-size:14px;font-family:宋体, simsun, sans-serif, Arial;background-color:#FFFFFF;\">\n	　　“老百姓看重改革如何落实，以此来评判政府的治理体系和治理能力。我认为，必须通过改革不断巩固改革共识。”王战建议，国家要有统筹全局的深化改革时间表，“现在说是有时间表，但还是比较粗的。”\n</p>\n<p style=\"font-size:14px;font-family:宋体, simsun, sans-serif, Arial;background-color:#FFFFFF;\">\n	　　王战提出了对改革时间表的建议，“我们统计到共有339个改革项目，一下子推出会造成交通拥堵。建议第一阶段按照先易后难原则、最大公约数原则、瓶颈原则安排改革事项。”这时候，总书记放下笔，微笑着纠正王战，不是339项，是336项。\n</p>\n<p style=\"font-size:14px;font-family:宋体, simsun, sans-serif, Arial;background-color:#FFFFFF;\">\n	　　紧随王战之后发言的花蓓代表，谈的是作风建设问题。\n</p>\n<p style=\"font-size:14px;font-family:宋体, simsun, sans-serif, Arial;background-color:#FFFFFF;\">\n	　　“网上有个很红的动画视频，介绍‘八项规定’出台以来政府发生的情况。看得出‘八项规定’深得民心，大家感到那些好的传统和作风又回来了。但是也担心这是不是一阵风，就像视频里问的，这条路如何继续走下去？”花蓓建议：用改革巩固成效。\n</p>\n<p style=\"font-size:14px;font-family:宋体, simsun, sans-serif, Arial;background-color:#FFFFFF;\">\n	　　“上海人有句话，开着水龙头拖地永远拖不干净，要从源头上把龙头关紧，建立长效机制，真正从机制上和落实上有一些改革性的举措，抓好牵一发动全身的举措。”随后，花蓓从如何管好钱、用好权的角度提出建议：用制度加科技的途径，从源头上管好公共财政资金；积极推进建立审批事项负面清单制度，从源头上实现简政放权。总书记多次微微点头。\n</p>\n<p style=\"font-size:14px;font-family:宋体, simsun, sans-serif, Arial;background-color:#FFFFFF;\">\n	<strong>　　自贸区建设是上海头等大事</strong>\n</p>\n<p style=\"font-size:14px;font-family:宋体, simsun, sans-serif, Arial;background-color:#FFFFFF;\">\n	　　展望2014年，自贸区建设作为头等大事，早在上海干部群众中形成共识。\n</p>\n<p style=\"font-size:14px;font-family:宋体, simsun, sans-serif, Arial;background-color:#FFFFFF;\">\n	　　李克强总理所作的政府工作报告提出要“建设好、管理好中国上海自由贸易试验区，形成可复制、可推广的体制机制，并开展若干新的试点”。\n</p>\n<p style=\"font-size:14px;font-family:宋体, simsun, sans-serif, Arial;background-color:#FFFFFF;\">\n	　　上海自贸试验区挂牌运行至今，上海积极探索准入前国民待遇加负面清单管理、加强事中事后监管、推进金融开放等一系列制度创新和方案落实，总体进展顺利、初显成效，但也充分感受到深化改革的复杂性和艰巨性。\n</p>\n<p style=\"font-size:14px;font-family:宋体, simsun, sans-serif, Arial;background-color:#FFFFFF;\">\n	　　上海市长杨雄代表具体介绍了“复杂性”和“艰巨性”，他表示，上海将进一步扩大开放，向深化改革要动力。上海将在中央各部委大力支持和指导下，着力突出综合协调，全力以赴建设好、管理好自贸试验区，为国家开创高水平对外开放新局面，为全面深化改革作出更大贡献。\n</p>\n<p style=\"font-size:14px;font-family:宋体, simsun, sans-serif, Arial;background-color:#FFFFFF;\">\n	　　代表们谈及自贸区建设时，总书记时而凝神思考，时而侧头倾听，时而提笔记录，并发问，现在有多少企业在自贸区？杨雄回答，到2月底已有6000多家企业，10%是外资，90%是内资。总书记听完点了点头。\n</p>\n<p style=\"font-size:14px;font-family:宋体, simsun, sans-serif, Arial;background-color:#FFFFFF;\">\n	　<strong>　从传统文化中找到精气神</strong>\n</p>\n<p style=\"font-size:14px;font-family:宋体, simsun, sans-serif, Arial;background-color:#FFFFFF;\">\n	　　“我叫廖昌永，是上海音乐学院的副院长。”轮到廖昌永代表发言时，他有点紧张，“以往都是给大家唱歌，讲话有点不太习惯，我努力讲得不要比唱得差。”歌唱家一席话说得全场莞尔，总书记也与他相视而笑。\n</p>\n<p style=\"font-size:14px;font-family:宋体, simsun, sans-serif, Arial;background-color:#FFFFFF;\">\n	　　“最近有很多电视节目特别火，比如《中国好声音》《中国好歌曲》《我是歌手》。”廖昌永刚报出几个当红节目名字，总书记就问，上海有什么火的节目？廖昌永回答：“上海有《中国达人秀》。”\n</p>\n<p style=\"font-size:14px;font-family:宋体, simsun, sans-serif, Arial;background-color:#FFFFFF;\">\n	　　“这些节目是很好，推出了很多好歌曲和人才。但是类型趋同，内容几乎都是关于流行音乐的。我看完有点沮丧，感觉好像专业的人不用存在了。”廖昌永希望今后还能有《中国好戏曲》《中国好交响乐》《中国好歌剧》之类的电视节目，让老百姓接受不那么单一的文化养分。\n</p>\n<p style=\"font-size:14px;font-family:宋体, simsun, sans-serif, Arial;background-color:#FFFFFF;\">\n	　　“学习了总书记关于弘扬中华优秀传统文化的重要讲话后，坚定了我们精心打造中国原创歌剧，创作弘扬核心价值观的优秀传统艺术歌曲的决心。”他介绍，上海音乐学院正在创作“上海三部曲”歌剧，10月份将在上海演出根据名作改变的《一江春水向东流》，明后年推出《家》和《日出》。今年上半年的上海之春国际音乐节也会有很多原创的，旨在推新人、出新作的作品。\n</p>\n<p style=\"font-size:14px;font-family:宋体, simsun, sans-serif, Arial;background-color:#FFFFFF;\">\n	　　介绍了一番歌剧艺术之后，廖昌永说：“希望主管部门对我们今年的《一江春水向东流》《家》和《日出》给予更多的关注和支持。”总书记接茬，“一次能够推出三部歌剧也是很不容易的。”歌唱家连连点头：“是是是，但资金压力也是非常大的。”座中一片笑声。\n</p>\n<p style=\"font-size:14px;font-family:宋体, simsun, sans-serif, Arial;background-color:#FFFFFF;\">\n	　　回应廖昌永代表时，总书记谈及电视电影行业，当场报出中国每年摄制的电影数量。会后，同样来自文艺界的曹可凡代表告诉记者，他对此一点也不惊讶，“总书记在索契接受俄罗斯媒体采访时已经让我惊着了，他说到了好多俄罗斯的作家、音乐家、艺术家，还知道《时间都去哪了》，很潮啊，总书记是个很潮的文化人。”\n</p>\n<p style=\"font-size:14px;font-family:宋体, simsun, sans-serif, Arial;background-color:#FFFFFF;\">\n	　　“中国进入转型发展期，整个社会遇到很多矛盾、纠葛。这个时候，我们需要从传统文化中汲取精华，找到精气神。树立社会主义核心价值观，唯有这样才能适应转变。”曹可凡说，“习总书记对传统文化的态度，让我们做文化的都感觉到欢欣鼓舞。”\n</p>\n<p style=\"font-size:14px;font-family:宋体, simsun, sans-serif, Arial;background-color:#FFFFFF;\">\n	　　结束审议后，总书记又绕着“回”字形会场的外圈与代表们一一握手，走到曹可凡面前，他说，你好像瘦了。一旁的韩正代表解释：“他去年瘦身成功。”总书记幽默回应，就像上海政府瘦身一样，效果显著。\n</p>', 'authordefault', '2014-03-06 10:10:46', null, null, '1', '28', '21', '社团工作', '学生工作', '1', '0', '0', '0');
INSERT INTO `news` VALUES ('92', '北京常务副市长：北京市区房价肯定要降下来', '<p style=\"font-size:14px;font-family:宋体, simsun, sans-serif, Arial;background-color:#FFFFFF;\">\n	　近日，中央总书记习近平在北京主持召开座谈会，专题听取京津冀协同发展工作汇报。昨天，全国人大代表、北京市委常委、常务副市长李士祥就京津冀协同发展、打造首都经济圈接受了记者的采访。\n</p>\n<p style=\"font-size:14px;font-family:宋体, simsun, sans-serif, Arial;background-color:#FFFFFF;\">\n	　　<strong>三地协同发展交通仍是核心</strong>\n</p>\n<p style=\"font-size:14px;font-family:宋体, simsun, sans-serif, Arial;background-color:#FFFFFF;\">\n	　　京华时报：近年来，各界一直盼望京津冀协调发展能得到中央层面的统一部署，目前有什么进展?\n</p>\n<p style=\"font-size:14px;font-family:宋体, simsun, sans-serif, Arial;background-color:#FFFFFF;\">\n	　　李士祥：这次总书记讲，京津冀要放在国家治理能力和治理体系中的重要内容来考虑这个事，我们耳目一新、打开思考。京津冀协同发展，这就要看怎么理解首都功能，首都功能不是北京功能，是国家功能。\n</p>\n<p style=\"font-size:14px;font-family:宋体, simsun, sans-serif, Arial;background-color:#FFFFFF;\">\n	　　京华时报：在京津冀协同发展的过程中，核心的问题是什么?\n</p>\n<p style=\"font-size:14px;font-family:宋体, simsun, sans-serif, Arial;background-color:#FFFFFF;\">\n	　　李士祥：核心的问题还是交通问题。像城铁，北京到天津半个小时就解决了，有的住在北京郊区进来都不可能这么快。\n</p>\n<p style=\"font-size:14px;font-family:宋体, simsun, sans-serif, Arial;background-color:#FFFFFF;\">\n	　　京华时报：京津冀协同发展的方案进展如何？\n</p>\n<p style=\"font-size:14px;font-family:宋体, simsun, sans-serif, Arial;background-color:#FFFFFF;\">\n	　　李士祥：我们正在研究京津冀协同发展，首先是功能的规划，三地要统筹研究；第二是交通问题；第三个是环境治理。国家发改委也正在研究这个规划，并已征求了若干次意见了，很快就要出台。然后，就是要落实总书记要求，找到三地结合点，这不是原来层面的转移和纾解，而是构成京津冀甚至是环渤海范围的大布局。\n</p>\n<p style=\"font-size:14px;font-family:宋体, simsun, sans-serif, Arial;background-color:#FFFFFF;\">\n	　　<strong>北京房价回归合理应有信心</strong>\n</p>\n<p style=\"font-size:14px;font-family:宋体, simsun, sans-serif, Arial;background-color:#FFFFFF;\">\n	　　京华时报：就京津冀而言，非常突出的问题就是空气污染问题，协同发展的规划中，有何具体举措？\n</p>\n<p style=\"font-size:14px;font-family:宋体, simsun, sans-serif, Arial;background-color:#FFFFFF;\">\n	　　李士祥：首先先把自己的问题解决，比如调煤。到2017年，北京要把现在2300万吨燃煤再压减1300万吨。第二，要控车，大力发展公共交通，让很多人有车但可以不开车。还有，是工业调整，有一些要转产，要转走，有一些要通过技术改造，减少直排和污染。\n</p>\n<p style=\"font-size:14px;font-family:宋体, simsun, sans-serif, Arial;background-color:#FFFFFF;\">\n	　　京华时报：非首都核心功能要纾解，都会涉及哪些领域？\n</p>\n<p style=\"font-size:14px;font-family:宋体, simsun, sans-serif, Arial;background-color:#FFFFFF;\">\n	　　李士祥：这有一个发展的过程，比如批发市场、物流。过去，这些产业起到了供给、就业、促进税收的作用，但现在人口聚集、交通拥堵，他们自己也觉得不方便了，成本高了。像这些都可以按照首都经济圈的思维，把基础环境创造好，让企业选择，我们反对单纯行政思维，一定要遵循市场经济规律，不是简单的行政命令。\n</p>\n<p style=\"font-size:14px;font-family:宋体, simsun, sans-serif, Arial;background-color:#FFFFFF;\">\n	　　京华时报：有消息说，随着京津冀一体化，北京的房价会下跌，周边的房价会涨起来，您怎么看？\n</p>\n<p style=\"font-size:14px;font-family:宋体, simsun, sans-serif, Arial;background-color:#FFFFFF;\">\n	　　李士祥：北京市区的房价肯定要下降，一是我们的供应量加大了，特别是保障性住房。二是我们的房地产结构发生变化，房价肯定要下来。\n</p>\n<p style=\"font-size:14px;font-family:宋体, simsun, sans-serif, Arial;background-color:#FFFFFF;\">\n	　　河北、燕郊房价是不是会上升？这个也没有普遍性的结论。比如将来北京有些功能纾解出去了，就没有必要在那儿买房了，功能纾解出去了，就可以在河北住，在河北上班了。整体来说，随着政府扩大保障性住房的供给，房价会回到一个合理的理性空间，应该是有这个信心的。\n</p>\n<p style=\"font-size:14px;font-family:宋体, simsun, sans-serif, Arial;background-color:#FFFFFF;\">\n	　　<strong>保障房市场化今年或将见效</strong>\n</p>\n<p style=\"font-size:14px;font-family:宋体, simsun, sans-serif, Arial;background-color:#FFFFFF;\">\n	　　京华时报：政府工作报告中77次提到改革，北京将怎么落实深化改革？\n</p>\n<p style=\"font-size:14px;font-family:宋体, simsun, sans-serif, Arial;background-color:#FFFFFF;\">\n	　　李士祥：按照三中全会精神，北京成立了深化改革领导小组，也通过市委四次全会讨论出台了改革的决定，重点来说，第一是转变政府职能，比如说，最显著的是基本建设的投资，原来是审批需要300个工作日，现在是109个。第二，我们也正在研究便民的审批流程，审批的项目所有都要公示，要做出承诺，接受监督，有一些还可以网上审批。\n</p>\n<p style=\"font-size:14px;font-family:宋体, simsun, sans-serif, Arial;background-color:#FFFFFF;\">\n	　　对于经济体制改革，首先是国有企业改革。还要解决品牌问题，北京生产型服务业发展还是好的，但生活型服务业品牌还不够。北京需求是多样的，多层次的，有高端、中端、低端的，怎样提高生活型服务业的品质，是我们下一步改革方向。一些品牌，需要通过改革来培育。\n</p>\n<p style=\"font-size:14px;font-family:宋体, simsun, sans-serif, Arial;background-color:#FFFFFF;\">\n	　　还有就是调整投融资体制，目前，市场的活力还没有被完全激发起来。比如垃圾处理厂、污水处理厂、地铁、包括保障性住房，完全都可以社会资本进入，政府把标准设计好就可以了，要加强监管。\n</p>\n<p style=\"font-size:14px;font-family:宋体, simsun, sans-serif, Arial;background-color:#FFFFFF;\">\n	　　京华时报：您提到的这些领域都可以实现市场化？什么时候出台?\n</p>\n<p style=\"font-size:14px;font-family:宋体, simsun, sans-serif, Arial;background-color:#FFFFFF;\">\n	　　李士祥：都可以市场化，已经在制定细则了，预计今年就会见到效果。\n</p>\n<p style=\"font-size:14px;font-family:宋体, simsun, sans-serif, Arial;background-color:#FFFFFF;\">\n	　　本版采写除署名外京华时报记者韩旭文静\n</p>', 'authordefault', '2014-03-06 12:28:45', null, null, '2', '17', '16', '教学通知', '学院概况', '1', '0', '0', '0');
INSERT INTO `news` VALUES ('93', '外媒：俄控制乌克兰两座导弹部队 发生对峙事件', '<div class=\"text-pic\" style=\"border:0px;margin:15px auto 0px;padding:0px;font-size:14px;text-align:center;color:#333333;font-family:宋体, simsun, sans-serif, Arial;background-color:#FFFFFF;\">\n	<table class=\"tableImg ke-zeroborder\" border=\"0\" cellspacing=\"0\" cellpadding=\"0\" align=\"center\" style=\"margin:0px auto;\">\n		<tbody>\n			<tr>\n				<td style=\"vertical-align:top;text-align:center;\">\n					<img src=\"http://photocdn.sohu.com/20140306/Img396136097.jpg\" alt=\"2014年3月5日，俄军士兵在克里米亚市塞瓦斯托波尔一处S-300防空导弹基地执行守卫任务。该部队已经被俄军控制。俄军目前已经占领了两个乌克兰防空导弹基地。不过，从图上看到的S-300导弹发射车保养状况较差，很像是已经废弃在基地退役装备。（图片来源：AFP）\" align=\"middle\" class=\"flag_bigP\" />\n					<div class=\"conserve-photo\" style=\"border:0px;margin:0px;padding:0px;font-size:14px;\">\n						<div class=\"comCount\" style=\"border:0px;margin:0px;padding:0px;font-size:11px;font-family:宋体;color:white;\">\n							2\n						</div>\n					</div>\n				</td>\n			</tr>\n			<tr>\n				<td class=\"text-pic-tt\" style=\"vertical-align:top;\">\n					　　环球网图片：2014年3月5日，俄军士兵在克里米亚市塞瓦斯托波尔一处S-300防空导弹基地执行守卫任务。该部队已经被俄军控制。俄军目前已经占领了两个乌克兰防空导弹基地。不过，从图上看到的S-300导弹发射车保养状况较差，很像是已经废弃在基地退役装备。图片来源：AFP&nbsp;<a class=\"savePicBtn\">[保存到相册]</a>\n				</td>\n			</tr>\n		</tbody>\n	</table>\n</div>\n<p style=\"font-size:14px;font-family:宋体, simsun, sans-serif, Arial;background-color:#FFFFFF;\">\n	<br />\n　　<strong>最新消息</strong>：<a href=\"http://mil.sohu.com/20140306/n396121978.shtml\" target=\"_blank\">美军航母编队正杀向黑海 第六舰队宣布紧急战备</a>\n</p>\n<p style=\"font-size:14px;font-family:宋体, simsun, sans-serif, Arial;background-color:#FFFFFF;\">\n	　　京华时报讯：据俄罗斯和乌克兰当地媒体5日报道，俄罗斯已经控制了克里米亚两座导弹部队军营。乌克兰国防部暂未确认消息真实性。\n</p>\n<p style=\"font-size:14px;font-family:宋体, simsun, sans-serif, Arial;background-color:#FFFFFF;\">\n	　　<strong>克军营发生对峙事件</strong>\n</p>\n<p style=\"font-size:14px;font-family:宋体, simsun, sans-serif, Arial;background-color:#FFFFFF;\">\n	　　乌克兰新闻网5日援引克里米亚塞瓦斯托波尔军方消息人士的话称，在塞瓦斯托波尔的费奥伦特角地区，<span style=\"color:#0000FF;\">俄罗斯军队控制了当地两座乌克兰防空导弹军营</span>。\n</p>\n<p style=\"font-size:14px;font-family:宋体, simsun, sans-serif, Arial;background-color:#FFFFFF;\">\n	　　俄罗斯国际文传电讯社也报道了这一消息。报道援引军方消息人士的话称，俄罗斯军人与导弹专家以及亲俄人士来到这一军营，要求与乌克兰军队共同部署这里的防空导弹，但乌克兰方面拒绝了这一要求。\n</p>\n<p style=\"font-size:14px;font-family:宋体, simsun, sans-serif, Arial;background-color:#FFFFFF;\">\n	　　另据外媒报道，位于塞瓦斯托波尔的贝尔贝克空军基地4日发生了一起对峙事件。当天，大批乌克兰军人要求返回基地，而驻守在此的武装人员随即进行阻拦。所幸双方最终还是保持了克制，并未发生冲突。\n</p>', 'authordefault', '2014-03-06 12:29:39', null, null, '0', '27', '19', '专家交流', '学术科研', '1', '0', '0', '0');
INSERT INTO `news` VALUES ('94', '中国10富人欲起诉加拿大 称切断投资移民不公平', '<p style=\"font-size:14px;font-family:宋体, simsun, sans-serif, Arial;background-color:#FFFFFF;\">\n	&nbsp;&nbsp;&nbsp;&nbsp;【环球时报驻加拿大特约记者 陶短房】“中国富人威胁起诉加拿大政府”，据美联社、加拿大广播电台等媒体5日报道，10名欲通过投资移民加拿大被拒的中国富人4日在北京召开记者会，控诉加拿大政府上月宣布“一刀切”取消投资移民项目“不公平且失信”，并表示将寻求起诉加拿大政府。对此，加拿大政府4日回应称，联邦政府对被“一刀切”的申请者全额退款，“我们认为这是公平且公正的安排”，“除了投资移民，我们还提供包括联邦技术移民和联邦技术行业计划在内的途径可申请移民加拿大”。\n</p>\n<p style=\"font-size:14px;font-family:宋体, simsun, sans-serif, Arial;background-color:#FFFFFF;\">\n	　　今年2月11日，加拿大政府宣布将终止“投资移民计划”和“企业家移民计划”，受此影响的中国申请者约4.6万人。加拿大广播电台报道称，3月4日，10名来自中国各地的富裕申请者聚集北京，控诉加拿大政府“商业失信”。一位杜姓申请者称，自己符合旧案申请条件，为移民加拿大已准备多年，对于加拿大政府的说取消就取消，他们不会善罢甘休。《南华早报》5日称，有的人2009年就提出了移民申请，有的已在加拿大购置房产，有的已将孩子送到加拿大读书。有申请者4日控诉，申请移民加拿大是自己做出的“最坏的决定”。报道称，自1986年推出投资移民项目至今，加拿大已吸收约13万人的投资移民，其中大多来自中国。组织4日活动的加拿大移民顾问表示，部分律师正研究起诉加拿大政府的相关事宜。\n</p>\n<p style=\"font-size:14px;font-family:宋体, simsun, sans-serif, Arial;background-color:#FFFFFF;\">\n	　　加政府的回应也毫不含糊。加公民及移民部长发言人拉里维耶尔4日就此发表声明称，“加拿大联邦政府不会浪费纳税人的钱用于不符合其目标的计划，投资移民项目容易被滥用，不符合加拿大的利益，尽管我们承认一些投资移民定居加拿大，并作出宝贵贡献，但我们相信本可以做得更好”。《环球邮报》称，威胁起诉加拿大政府的都是中国普通人眼中的富人，其诉求在中国几乎不会引起很多同情。文章称，申请者正等待加拿大正式宣布取消投资移民计划，然后才启动起诉方案，他们还致函加拿大国会议员，抨击“一刀切”是“既不合法也不道德的”。这些申请者既不是加拿大人也不具备枫叶卡，如何起诉尚不得而知。报道称，联邦政府取消投资移民计划是因为问题太多，20年来投资移民平均支付的税赋比保姆都少，且2011年该报调查发现，80%以上的投资移民在申请时都涉嫌伪造证据。\n</p>', 'authordefault', '2014-03-06 12:30:13', null, null, '1', '28', '21', '社团工作', '学生工作', '1', '0', '0', '0');
INSERT INTO `news` VALUES ('97', '习近平：中国足球看起来遥远 没梦想根本达不到', '<p style=\"font-size:14px;font-family:宋体, simsun, sans-serif, Arial;background-color:#FFFFFF;\">\n	　<strong>总书记：找我们的精气神 有梦想才有可能</strong>\n</p>\n<p style=\"font-size:14px;font-family:宋体, simsun, sans-serif, Arial;background-color:#FFFFFF;\">\n	　　<strong>我们建设中国特色社会主义文化，树立核心价值观，必须弘扬民族传统文化，去找我们的精气神。文化的软实力是国家强盛的外在标志。廖昌永讲到的梦想中国的歌剧能够到世界舞台上去，这些事情我们要作为一个追求目标去做。就跟我谈中<a href=\"http://sports.sohu.com/1/1203/47/subject217104782.shtml\" target=\"_blank\">国足</a>球一样，看起来比较遥远，但是还得讲啊，你没有这个梦想，也不去想，就根本达不到，你想了才有这可能。</strong>\n</p>\n<p style=\"font-size:14px;font-family:宋体, simsun, sans-serif, Arial;background-color:#FFFFFF;\">\n	　<strong>　“看到大家，很亲切！”</strong>\n</p>\n<p style=\"font-size:14px;font-family:宋体, simsun, sans-serif, Arial;background-color:#FFFFFF;\">\n	　　今天下午，习近平总书记来到上海代表团，与代表们一起审议政府工作报告。3时不到，习近平总书记在上海市委书记韩正，市委副书记、市长杨雄，市人大常委会主任殷一璀的陪同下，走进春意融融的人民大会堂上海厅，与代表们亲切握手，致以问候。\n</p>\n<p style=\"font-size:14px;font-family:宋体, simsun, sans-serif, Arial;background-color:#FFFFFF;\">\n	　　“我连续两届都是上海代表团的代表，已经三年多没去上海了。但每年两会期间，都会与大家见面、进行交流，看到大家，很亲切。”总书记的一番话让代表们倍感温暖。\n</p>\n<p style=\"font-size:14px;font-family:宋体, simsun, sans-serif, Arial;background-color:#FFFFFF;\">\n	　　审议开始后，8位代表争相发言，说问题、提建议、谈思考。总书记认真记录，与大家讨论交流。\n</p>\n<p style=\"font-size:14px;font-family:宋体, simsun, sans-serif, Arial;background-color:#FFFFFF;\">\n	　　<strong>种苗圃而不是做盆景</strong>\n</p>\n<p style=\"font-size:14px;font-family:宋体, simsun, sans-serif, Arial;background-color:#FFFFFF;\">\n	　　政府工作报告提出要 “建设好、管理好中国上海自由贸易试验区，形成可复制可推广的体制机制，并开展若干新的试点。”这让上海的代表们十分振奋。韩正说，新的一年，我们要全力以赴，建设好、管理好中国上海自贸试验区。立足制度创新，力争在今年四季度，运行一年之时，总结推出首批可复制、可推广的制度和机制。杨雄介绍了自贸区的建设情况和下一步举措，表示要进一步直面问题，强化制度创新，重在措施落地，在牢牢坚持中国特色社会主义制度前提下，充分借鉴国际经验，紧紧瞄准世界先进，实现高起点定位、高水平建设。王战代表在题为“准确把握总目标，全面深化改革”的发言中提出，要抓好新一轮改革开放的突破口，进一步推进自贸试验区改革。对外，自贸试验区是进一步对外开放的接口；对内，要通过自贸试验区负面清单等制度创新，促进政府部门行政审批制度改革。\n</p>\n<p style=\"font-size:14px;font-family:宋体, simsun, sans-serif, Arial;background-color:#FFFFFF;\">\n	　　大家发言时，习近平总书记插话询问，“现在在自贸区注册的企业有多少家？”“6000多家，其中10%是外资企业。”\n</p>\n<p style=\"font-size:14px;font-family:宋体, simsun, sans-serif, Arial;background-color:#FFFFFF;\">\n	　　自贸区开局良好、运行有序。习近平总书记提出要求，自贸区建设就是要建成制度创新的高地，做到可复制可推广，而不是政策洼地，要种苗圃而不是做盆景。\n</p>', 'authordefault', '2014-03-06 16:49:47', null, null, '5', '32', '31', '学术天地', '学术科研', '1', '0', '0', '0');
INSERT INTO `news` VALUES ('98', '俄媒：乌克兰动荡让中国受益 苏35合同提前拿下', '<p style=\"font-size:14px;font-family:宋体, simsun, sans-serif, Arial;background-color:#FFFFFF;\">\n	　　据俄罗斯《导报》3月6日报道，俄罗斯战略分析和技术中心专家瓦西里-卡申撰文指出，俄和西方的偏执引发外交灾难，迫使双方在乌克兰危机中不断提高赌注。\n</p>\n<p style=\"font-size:14px;font-family:宋体, simsun, sans-serif, Arial;background-color:#FFFFFF;\">\n	　　卡申认为，俄军入侵乌克兰已经成为提前数年预先确定俄外交政策，以及部分国内政策的事件。即使西方不对俄真正实施痛苦的制裁，双方经济关系继续正面发展，俄和北约国家之间的军事联系也可能会被冻结多年。现在俄和西方大国最高政治领导人之间的关系已经彻底破坏。G8彻底开除俄罗斯的问题现在只具有象征性的意义。G8并不能通过重要的全球性决策，只是主要发达国家领导人交流的平台。或许在所有成员国领导人中，只有日本首相安倍晋三准备接近俄罗斯。\n</p>\n<p style=\"font-size:14px;font-family:宋体, simsun, sans-serif, Arial;background-color:#FFFFFF;\">\n	　　<span style=\"color:#0000FF;\">现在支持俄罗斯的唯一的联合国安理会常任理事国只有中国，尽管不是特别明显。因此俄外交政策的亲华倾向今后可能会进一步加强。由此可以推测，中俄经济和军事技术联合项目的谈判，在因为俄方拒不让步而拖延多年之后，将会在很短时间内结束，甚至可能会在普京总统今年5月访华之前，最终起草好向中国供应天然气和苏-35S歼击机的合同。</span>在此合作中最后的赢家既不是俄罗斯，也不是美国及其盟国。俄还可能会进一步努力巩固自己与中国的伙伴关系，加速实现联合经济项目，扩大军事合作规模，包括联合演习。与此同时，美俄在叙利亚或伊朗等国际问题上的妥协条件也将更加不利。\n</p>', 'authordefault', '2014-03-06 19:59:56', null, null, '3', '17', '16', '教学通知', '学院概况', '1', '0', '0', '0');
INSERT INTO `news` VALUES ('99', '其实，1个武汉=2.1个英国', '<h2 class=\"tag-lead-title\" style=\"font-size:22px;font-weight:normal;font-family:微软雅黑, sans-serif;color:#B63C3C;background-color:#FFFFFF;\">\n	<p class=\"tag-lead-txt\" style=\"text-indent:2em;font-family:宋体, Verdana, sans-serif;background-color:#FFFFFF;\">\n		<p class=\"tag-lead-txt\" style=\"text-indent:2em;font-family:宋体, Verdana, sans-serif;background-color:#FFFFFF;\">\n			<p class=\"tag-lead-txt\" style=\"text-indent:2em;font-family:宋体, Verdana, sans-serif;background-color:#FFFFFF;\">\n				最新出炉的中国城市“造城”投资排行榜显示，武汉固定投资规模名列全国第四，前三位则是重庆、天津和北京。武汉一地，2013年共花了6000亿RMB。\n			</p>\n			<p class=\"tag-lead-txt\" style=\"text-indent:2em;font-family:宋体, Verdana, sans-serif;background-color:#FFFFFF;\">\n				武汉市长表示，他在五年时间里为该市的一项重建计划花费2000亿英镑，其目的就是为了让武汉这个已有1000万人口的城市成为一个世界特大城市，给中国第二大城市上海带来严峻挑战。而英国政府在未来20年内的响应投资仅为3750亿英镑。照此计算，一个武汉的年投资规模大约相当于2.1个英国。\n			</p>\n			<p class=\"tag-lead-txt\" style=\"text-indent:2em;font-family:宋体, Verdana, sans-serif;background-color:#FFFFFF;\">\n				仅仅在这一座城市，数以百计的公寓楼、环城公路、桥梁、铁路、一个完整的地铁系统和第二国际机场都在建设之中。上万个工地同时开工；每平方公里投资近亿元；在改变城市面貌的同时，满目“水泥森林”。\n			</p>\n			<p class=\"tag-lead-txt\" style=\"text-indent:2em;font-family:宋体, Verdana, sans-serif;background-color:#FFFFFF;\">\n				但是，危机已经埋伏。借贷及投资的不断膨胀，已经使得武汉被称为“中国负债率最高的城市”。一旦风险降临，这座中部重镇会是怎样一番场景？\n			</p>\n		</p>\n		<p class=\"tag-lead-txt\" style=\"text-indent:2em;font-family:宋体, Verdana, sans-serif;background-color:#FFFFFF;\">\n			<br />\n		</p>\n	</p>\n	<p class=\"tag-lead-txt\" style=\"text-indent:2em;font-family:宋体, Verdana, sans-serif;background-color:#FFFFFF;\">\n		<br />\n	</p>\n</h2>', 'authordefault', '2014-03-06 20:00:38', null, null, '1', '17', '16', '教学通知', '学院概况', '1', '0', '0', '0');
INSERT INTO `news` VALUES ('107', '曹建明：查处涉嫌犯罪县处级以上2871人 部级8人', '<span style=\"font-family:宋体, simsun, sans-serif, Arial;font-size:14px;line-height:26px;background-color:#FFFFFF;\">　　严肃查处各类职务犯罪。全年共立案侦查贪污贿赂、渎职侵权等职务犯罪案件37551件51306人，同比分别上升9.4%和8.4%。突出查办大案要案，立案侦查贪污、贿赂、挪用公款100万元以上的案件2581件，涉嫌犯罪的县处级以上国家工作人员2871人，其中厅局级253人、省部级8人。开展查办和预防发生在群众身边、损害群众利益职务犯罪专项工作，立案侦查涉及民生民利的职务犯罪34147人。严肃查办以贿赂等手段破坏选举、侵犯公民民主权利的犯罪。深挖执法司法不公背后的腐败犯罪，查处以权谋私、贪赃枉法、失职渎职的行政执法人员11948人、司法人员2279人。加大惩治行贿犯罪力度，对5515名行贿人依法追究刑事责任，同比上升18.6%。强化境内外追逃追赃工作，追缴赃款赃物计101.4亿元，会同有关部门抓获在逃职务犯罪嫌疑人762人。</span>', 'authordefault', '2014-03-10 21:55:58', null, null, '0', '17', '16', '教学通知', '学院概况', '1', '0', '0', '0');
INSERT INTO `news` VALUES ('108', '吉祥航空一航班因机械故障备降济南 安全着陆', '<div class=\"text clear\" id=\"contentText\" style=\"border:0px;margin:0px auto 24px;padding:0px;font-size:14px;color:#333333;font-family:宋体, simsun, sans-serif, Arial;background-color:#FFFFFF;\">\n	<div style=\"border:0px;margin:0px;padding:0px;\">\n		<p style=\"color:#000000;\">\n			　　南方都市报：【吉祥航空一航班因故备降济南】吉祥航空HO1253从虹桥飞往北京航班，20时22分因故，备降济南。目前备降原因还不清楚。\n		</p>\n		<p style=\"color:#000000;\">\n			　　<strong>最新消息</strong>：齐鲁晚报第一时间联系吉祥航空方面获悉，因机械故障备降，安全着陆。晚9时20分，所有乘客都已下机，无人受伤。\n		</p>\n		<p style=\"color:#000000;\">\n			　　吉祥航空客服说，是机械故障，维修后将继续飞北京，目前没有更换飞机的计划，故障详情和维修需要的时间不详。\n		</p>\n	</div>\n</div>\n<div class=\"original-title\" style=\"border:0px;margin:0px auto 13px;padding:0px;font-size:14px;background-color:#FFFFFF;color:#333333;font-family:宋体, simsun, sans-serif, Arial;\">\n	<span class=\"editer\">(责任编辑：UN644)</span>原标题：吉祥航空一航班因故备降济南\n</div>', 'authordefault', '2014-03-10 21:56:16', null, null, '0', '17', '16', '教学通知', '学院概况', '1', '0', '0', '0');
INSERT INTO `news` VALUES ('109', '菲船试图赴仁爱礁施工侵犯中国领土主权', '<h1 style=\"font-size:26px;text-align:center;color:#333333;font-family:宋体, simsun, sans-serif, Arial;background-color:#FFFFFF;\">\n	菲船试图赴仁爱礁施工侵犯中国领土主权\n</h1>\n<p>\n	<div class=\"text clear\" id=\"contentText\" style=\"border:0px;margin:0px auto 24px;padding:0px;font-size:14px;color:#333333;font-family:宋体, simsun, sans-serif, Arial;background-color:#FFFFFF;\">\n		<div style=\"border:0px;margin:0px;padding:0px;\">\n			<p style=\"color:#000000;\">\n				　中新社北京3月10日电(余湛奕 王一菲)中国外交部发言人秦刚10日在例行记者会上称，菲律宾派船只赴南沙群岛仁爱礁施工的行径，侵犯了中国领土主权，违反了《南海各方行为宣言》。\n			</p>\n			<p style=\"color:#000000;\">\n				　　有记者提问，有消息称，菲律宾派出船只赴南沙群岛仁爱礁进行施工，中国海警船在现场采取了执法行动。请证实。中方对此有何评论？\n			</p>\n			<p style=\"color:#000000;\">\n				　　秦刚说，根据中国海警通报的情况，3月9日，在仁爱礁海域进行例行巡航的中国海警船编队发现两艘装载施工材料、悬挂菲律宾国旗的船舶正在向仁爱礁靠近。中国海警船向两船进行了喊话，两船已于当天下午离开仁爱礁海域。\n			</p>\n			<p style=\"color:#000000;\">\n				　　秦刚表示，中国对包括仁爱礁在内的南沙群岛及附近海域拥有主权是众所周知的。菲律宾一艘船只当年以“故障”为由在中国仁爱礁“坐滩”，中方持续要求菲方拖走该船，但菲方以技术原因为借口一直未履行承诺，此次又试图在仁爱礁进行施工，菲方的行径侵犯了中国领土主权，并明显违反了中国和东盟各国签署的《南海各方行为宣言》，中方不得不作出必要反应。(完)\n			</p>\n		</div>\n	</div>\n	<div class=\"original-title\" style=\"border:0px;margin:0px auto 13px;padding:0px;font-size:14px;background-color:#FFFFFF;color:#333333;font-family:宋体, simsun, sans-serif, Arial;\">\n		<span class=\"editer\">(责任编辑：UN644)</span>原标题：菲船只试图赴仁爱礁施工：其行径侵犯中国领土主权\n	</div>\n</p>', 'authordefault', '2014-03-10 21:56:36', null, null, '0', '17', '16', '教学通知', '学院概况', '1', '0', '0', '0');
INSERT INTO `news` VALUES ('110', '俄罗斯搅黄中吉乌铁路？', '<p style=\"font-size:14px;font-family:宋体, simsun, sans-serif, Arial;background-color:#FFFFFF;\">\n	　中国、乌兹别克斯坦、吉尔吉斯斯坦三国政府筹划的中吉乌铁路，十几年来屡经坎坷，近期又再生变故。\n</p>\n<p style=\"font-size:14px;font-family:宋体, simsun, sans-serif, Arial;background-color:#FFFFFF;\">\n	　　2013年年底，吉尔吉斯斯坦总统阿坦巴耶夫在媒体见面会表示，中吉乌铁路“无法解决吉尔吉斯的任何问题”，吉尔吉斯斯坦看重的是能将国内南北部铁路连接起来的连接线。\n</p>\n<p style=\"font-size:14px;font-family:宋体, simsun, sans-serif, Arial;background-color:#FFFFFF;\">\n	　　而在谈及由俄罗斯策划并倡议修建的俄哈吉塔铁路时，阿坦巴耶夫指出，该铁路将绕过乌兹别克斯坦，进而连接土库曼斯坦、伊朗，到达波斯湾，将极大提高沿线铁路运输能力。\n</p>\n<p style=\"font-size:14px;font-family:宋体, simsun, sans-serif, Arial;background-color:#FFFFFF;\">\n	　　此后，俄罗斯媒体渲染吉尔吉斯斯坦拒绝中吉乌铁路，策划多年的中吉乌铁路是否会就此搁浅？\n</p>\n<p style=\"font-size:14px;font-family:宋体, simsun, sans-serif, Arial;background-color:#FFFFFF;\">\n	　　<strong>几度功败垂成</strong>\n</p>\n<p style=\"font-size:14px;font-family:宋体, simsun, sans-serif, Arial;background-color:#FFFFFF;\">\n	　　最早提出建设中吉乌铁路的，是乌兹别克斯坦。\n</p>\n<p style=\"font-size:14px;font-family:宋体, simsun, sans-serif, Arial;background-color:#FFFFFF;\">\n	　　1996年，中国南疆铁路（乌鲁木齐至喀什）正式开工后，乌兹别克斯坦驻华大使拜会当时的铁道部部长韩杼滨，提出将南疆铁路通过吉尔吉斯斯坦奥什，延伸到乌兹别克安集延。这样便可以通过土库曼斯坦和伊朗铁路相连，成为一条联通五国的国际铁路通道。\n</p>\n<p style=\"font-size:14px;font-family:宋体, simsun, sans-serif, Arial;background-color:#FFFFFF;\">\n	　　中国政府对这个建议非常重视，当时国家计委交通司曾召集外交部、外经贸部、交通部、铁道部等部委主管司局研究建设中吉乌铁路、公路。与会者一致认为，中吉乌铁路可以贯通丝绸之路，促进沿线国家经济发展、加强政治联系，对修建这条铁路应该持积极支持态度。\n</p>\n<p style=\"font-size:14px;font-family:宋体, simsun, sans-serif, Arial;background-color:#FFFFFF;\">\n	　　此后，中国、乌兹别克斯坦、吉尔吉斯斯坦三国政府和联合国开发计划署，联合主办了“关于修建安集延-奥什-喀什铁路和改造公路问题国际会议”。1997年11月5日，中吉乌铁路联合工作委员会第一次会议在比什凯克举行。会议决定，成立中吉乌铁路联合委员会和专家组。\n</p>\n<p style=\"font-size:14px;font-family:宋体, simsun, sans-serif, Arial;background-color:#FFFFFF;\">\n	　　2001年2月5日，吉尔吉斯斯坦颁布了关于“优先支持修建经巴雷克齐-贾拉拉巴德-吐尔尕特通往中国的铁路法”（即中吉乌铁路吉尔吉斯境内部分），赋予该铁路项目法律优先地位，并为投资者提供最优惠待遇。\n</p>\n<p style=\"font-size:14px;font-family:宋体, simsun, sans-serif, Arial;background-color:#FFFFFF;\">\n	　　然而，2005年发生了乌兹别克斯坦安集延骚乱和吉尔吉斯斯坦“郁金香革命”，影响了中吉乌铁路项目进行。\n</p>\n<p style=\"font-size:14px;font-family:宋体, simsun, sans-serif, Arial;background-color:#FFFFFF;\">\n	　　不过，到了2007年7月，在比什凯克举行的上合组织外长峰会期间，吉尔吉斯斯坦总统巴基耶夫和乌兹别克斯坦总统卡里莫夫通过电话讨论了中吉乌铁路项目问题，两位总统当时对中国建设中吉乌铁路计划都表示支持。\n</p>\n<p style=\"font-size:14px;font-family:宋体, simsun, sans-serif, Arial;background-color:#FFFFFF;\">\n	　　20072009年，中、吉、乌三国领导人均对中吉乌铁路表示重视，相关的协商工作也接近完成。\n</p>\n<p style=\"font-size:14px;font-family:宋体, simsun, sans-serif, Arial;background-color:#FFFFFF;\">\n	　　然而，2010年6月，吉尔吉斯斯坦南部爆发种族暴力冲突事件，并扩大为骚乱。连续的“革命”和骚乱，使国际铁路通道建设筹备工作又陷于停顿。\n</p>\n<p style=\"font-size:14px;font-family:宋体, simsun, sans-serif, Arial;background-color:#FFFFFF;\">\n	　　局势平静之后，2012年4月17日，吉尔吉斯斯坦交通和通信部与中国路桥工程责任有限公司就中吉乌铁路项目签署了合作备忘录。2013年3月14日，中国路桥公司如期完成中吉乌铁路项目的可行性研究报告，并交付吉尔吉斯斯坦交通与通讯部。\n</p>\n<p style=\"font-size:14px;font-family:宋体, simsun, sans-serif, Arial;background-color:#FFFFFF;\">\n	　　但是，其后吉尔吉斯斯坦对建设中吉乌铁路的态度，又出现了显著变化。 2013年4月19日，吉尔吉斯斯坦总理萨特巴尔季耶夫谈及中吉乌铁路项目时表示，吉政府对已编制完成的可研报告并不满意，认为价格过高。对于铁路走向问题，他认为也还需最终论证确定。\n</p>\n<p style=\"font-size:14px;font-family:宋体, simsun, sans-serif, Arial;background-color:#FFFFFF;\">\n	　　2013年5月，在比什凯克市举行独联体集体安全条约组织元首峰会上，俄罗斯提出建设“俄罗斯-哈萨克斯坦-吉尔吉斯斯坦-塔吉克斯坦铁路”倡议。吉尔吉斯斯坦总统阿坦巴耶夫认为，该铁路更符合吉尔吉斯斯坦的需要。\n</p>\n<p style=\"font-size:14px;font-family:宋体, simsun, sans-serif, Arial;background-color:#FFFFFF;\">\n	　　<strong>仍有争取空间</strong>\n</p>\n<p style=\"font-size:14px;font-family:宋体, simsun, sans-serif, Arial;background-color:#FFFFFF;\">\n	　　中国对中吉乌铁路期盼已久。\n</p>\n<p style=\"font-size:14px;font-family:宋体, simsun, sans-serif, Arial;background-color:#FFFFFF;\">\n	　　在中国2004年颁布的《中长期铁路网规划》及其后的铁路规划中，重点规划的西部国际铁路通道包括：中巴铁路、中吉乌铁路、中吉塔铁路（中国至吉尔吉斯斯坦、塔吉克斯坦铁路通道）、中塔阿伊铁路（中国至塔吉克斯坦、阿富汗到伊朗的铁路）。\n</p>\n<p style=\"font-size:14px;font-family:宋体, simsun, sans-serif, Arial;background-color:#FFFFFF;\">\n	　　在上述国际铁路通道规划中，中吉乌铁路最早提出，研究也最充分。\n</p>\n<p style=\"font-size:14px;font-family:宋体, simsun, sans-serif, Arial;background-color:#FFFFFF;\">\n	　　规划中的中吉乌国际铁路全长476公里，在中国境内长167公里。沿线自然条件恶劣，建设难度大、资金投入量大，建成后营运维修成本也会非常高。但是这条铁路对中国具有战略意义。\n</p>\n<p style=\"font-size:14px;font-family:宋体, simsun, sans-serif, Arial;background-color:#FFFFFF;\">\n	　　该铁路沿线国家均资源丰富，也是中国商品的传统市场。如果能够建成这条铁路，对于保证中国的能源安全极为有利。铁路建成后，可以带动“新丝绸之路经济带”的发展，巩固与中亚国家的战略伙伴关系。\n</p>\n<p style=\"font-size:14px;font-family:宋体, simsun, sans-serif, Arial;background-color:#FFFFFF;\">\n	　　然而，中吉乌铁路的多年延宕说明，国际铁路通道建设，不仅是对沿线国家有益就行，还要充分考虑该地区复杂的地缘政治环境。\n</p>\n<p style=\"font-size:14px;font-family:宋体, simsun, sans-serif, Arial;background-color:#FFFFFF;\">\n	　　在中吉乌国际铁路所辐射地区，俄罗斯有巨大的话语权和影响力，美国及其盟友也在不断强化在这一地区的存在。\n</p>\n<p style=\"font-size:14px;font-family:宋体, simsun, sans-serif, Arial;background-color:#FFFFFF;\">\n	　　俄罗斯一直视中亚五国为自己的势力范围，虽然俄罗斯近年来国力有所下降，但一直试图恢复传统势力范围，对外来势力进入中亚抱有极强戒心。\n</p>\n<p style=\"font-size:14px;font-family:宋体, simsun, sans-serif, Arial;background-color:#FFFFFF;\">\n	　　2013年国际石油价格下跌，俄罗斯手头拮据，但却与哈萨克斯坦、吉尔吉斯斯坦、塔吉克斯坦三国签署“俄哈吉塔铁路”协议，计划建设俄哈吉塔铁路，是其重建势力范围的一种体现。\n</p>\n<p style=\"font-size:14px;font-family:宋体, simsun, sans-serif, Arial;background-color:#FFFFFF;\">\n	　　为了推进中吉乌铁路项目建设，中国应该向俄罗斯展示，无意利用建设铁路损害其利益，会照顾俄罗斯的利益，甚至可以考虑吸收其共同参与项目建设，成为项目受益方。\n</p>\n<p style=\"font-size:14px;font-family:宋体, simsun, sans-serif, Arial;background-color:#FFFFFF;\">\n	　　国际铁路通道策划建设过程中，中国需要多体谅沿线国家的难处，多做工作，多交朋友。应该尽我所能，帮助对方化解困难，鼓励其有所作为。\n</p>\n<p style=\"font-size:14px;font-family:宋体, simsun, sans-serif, Arial;background-color:#FFFFFF;\">\n	　　目前看来，沿途各国包括吉尔吉斯斯坦，并没有完全封闭中吉乌铁路项目谈判的大门，建议中国政府努力争取早日重开谈判，推动该项目建设。\n</p>\n<p style=\"font-size:14px;font-family:宋体, simsun, sans-serif, Arial;background-color:#FFFFFF;\">\n	　　（作者系新亚欧大陆桥协调机制办公室专家委员会专家、京铁陆桥国际物流有限公司总经理）\n</p>', 'authordefault', '2014-03-10 22:00:09', null, null, '0', '17', '16', '教学通知', '学院概况', '1', '0', '0', '0');
INSERT INTO `news` VALUES ('111', '人大法工委：房地产税法“正起草”', '<div class=\"text clear\" id=\"contentText\" style=\"border:0px;margin:0px auto 24px;padding:0px;font-size:14px;color:#333333;font-family:宋体, simsun, sans-serif, Arial;background-color:#FFFFFF;\">\n	<div style=\"border:0px;margin:0px;padding:0px;\">\n		　房产税自从上海、重庆两地试点后就一直伴随着各种争议和猜测。在今年两会上，多位全国人大代表和政协委员都谈及房产税，伴随而来的声音依然嘈杂。<br />\n　　全国政协委员、财政部财政科学研究所所长贾康认为，房产税最大的阻碍是意见不一致，“体制内也是意见不一致”，现在则需要加快立法进程。<br />\n　　昨日，全国人大常委会法工委副主任阚珂在答记者问时表示，房地产税已由全国人大相关工作部门和国务院相关机构共同起草，条件成熟时会依法提请审议。<br />\n　　<strong>条件成熟时提请审议</strong><br />\n　　去年十八届三中全会报告中提出，要加快房地产税立法。学者对此的解读是，报告所指“房产税”并不是单纯指上海、重庆2011年开始试点的房产税，而应该是包括契税等在内的一系列房地产相关税收。<br />\n　　昨日，阚珂在十二届全国人大二次会议举行的记者会上回答记者提问时称，房地产税法正在积极起草当中。草案由全国人大常委会有关工作机构会同国务院有关部门研究起草，条件成熟时会依法提请审议。<br />\n　　这一立法进程也令市场更关切房产税是否继续扩大试点。自上海和重庆两地试点房产税后，两年内再无新试点城市。<br />\n　　全国政协委员、财政部副部长朱光耀在接受媒体采访时表示，是否需要扩大试点，需要看人大的意见。“从立法支持改革的方面，他们（人大）肯定会很快有所行动。”<br />\n　　贾康则认为，“房地产税”需通盘考虑，必须涉及整个不动产开发、交易，保有全链条中各个环节的各种税之外的费，将其加以整合。<br />\n　　<strong>房产税方案争议不休</strong><br />\n　　房产税本身要不要征、如何征仍具有极大的争议性。贾康认为，我国现阶段不能采取普遍征收的模式，应当如重庆模式从高档房征收。但任志强等反对派则认为，“没有历史经验表明，持续征税能抑制房地产价格增长。”<br />\n　　在课税对象方面，也存在明显争议。贾康认为，国内现阶段的情况不能简单比照美国普遍征收模式。他建议涉及存量，从高端开始。“比较典型的是重庆方案里从独立别墅开始，再渐进往前考虑。”<br />\n　　去年，杭州等地不时爆出房产税试点扩大的消息，但最终没有一地新加入试点，有观点认为地方缺乏开征房产税的积极性。贾康表示，讨论扩大试点的地方不少，但是最后可操作方案的还没有形成。“不能说地方没有积极性，想法可能和中央层面不是很好地对得上。”<br />\n　　不过，房产税的征收仍面临技术瓶颈，如需要建立不动产统一登记制度。全国政协委员、东方资产前总裁梅兴保2日在接受记者采访时表示房产税是房地产调控的治本之策，不动产登记则是推出房产税的先决条件，当前首先要总结上海、重庆房产税试点的经验和做法，并借鉴国外的先进经验稳步推进。<br />\n　　日前，国务院常务会议决定整合不动产登记职责、建立不动产统一登记制度。新政公布后，社会舆论一片叫好，SOHO中国董事长潘石屹表示，“这是好政策”，并预计“如果今年实施，房价马上会跌”。<br />\n　　但反对房产税的声音依然强烈。<br />\n　　全国政协委员、深圳祥祺集团董事长陈红天前往北京前接受媒体采访时称，今年的提案是呼吁谨慎科学地开征遗产税、房产税。“在我国房地产开发过程中，政府直接和间接受益超过房价的60%。如果再征收遗产税及房产税，将会有中产阶层和富人转移个人财产或携巨资移民，这将导致资金外流。”<br />\n　　<strong>哪种税调控效果好</strong><br />\n　　如何能够抑制房产投机行为，还房价一个正常水平？全国政协委员、住建部副部长仇保兴在上周举行的经济界小组联席会议上指出，除了房产税之外，还建议考虑征收消费税和空置税，并认为这两个税种比房产税的调控效果更好。<br />\n　　对于空置税，任志强在此前答网友提问时说，空置税与存量房产税从某些层面看是一致的，它们也会面临共同的问题：难以征收。<br />\n　　中国社科院财经战略研究院研究员杨志勇就表示反对滥用税收工具。他说，开征新税种会加重居民税负负担，并且税的局限很大，调节作用有限。<br />\n　　备受关注的全国政协委员、恒大集团董事长许家印首次出现在政协小组讨论会议上就带来了提案，直指政府审批复杂，“雁过拔毛”；规费方面，按平均值算收取的规费大约占房价的11%；地产相关税种目前大约11种，税收约占房价的13%~15%。<br />\n　　他建议，减少行政审批，建议国家统一规范规费收取，取消不合理收费，降低房价，在限定房企利润上限的前提下，把环节税都去掉，合并缴纳企业所得税之前的所有税种，统一为一个控制房地产利润的累进递增式的增值税，这样就避免了个别项目的暴利行为，降低房价。<br />\n　　作者：张静 蔡胤 (来源：第一财经日报)\n	</div>\n</div>\n<div class=\"original-title\" style=\"border:0px;margin:0px auto 13px;padding:0px;font-size:14px;background-color:#FFFFFF;color:#333333;font-family:宋体, simsun, sans-serif, Arial;\">\n	<span class=\"editer\">(责任编辑：UF030)</span>原标题：人大法工委：房地产税法“正起草”\n</div>', 'authordefault', '2014-03-10 22:05:26', null, null, '0', '17', '16', '教学通知', '学院概况', '1', '0', '0', '0');
INSERT INTO `news` VALUES ('112', '人社部部长：将调整基层公务员工资', '<p style=\"font-size:14px;font-family:宋体, simsun, sans-serif, Arial;background-color:#FFFFFF;\">\n	　昨天上午，人力资源和社会保障部部长尹蔚民在接受北青报记者专访时回应称，公务员工资要和国民经济发展水平相适应，人社部会适时推进调薪。\n</p>\n<p style=\"font-size:14px;font-family:宋体, simsun, sans-serif, Arial;background-color:#FFFFFF;\">\n	　　今年两会上，全国政协委员何香久关于“上调公务员工资”的建议引来民众热议。体制内的公务员，抱怨收入低、却总被误解；而民众则吐槽公务员队伍中的贪腐、灰色收入。据悉，公务员涨薪问题，目前中央已责成有关部门调研。\n</p>\n<p style=\"font-size:14px;font-family:宋体, simsun, sans-serif, Arial;background-color:#FFFFFF;\">\n	<strong>　　公务员工资要与经济发展水平相适应</strong>\n</p>\n<p style=\"font-size:14px;font-family:宋体, simsun, sans-serif, Arial;background-color:#FFFFFF;\">\n	　　调研是否意味着公务员的工资一定要涨了？对此，尹蔚民先是解释说，公务员的工资制度本身是公务员管理的一个内容，目前公务员工资是2006年公务员法出台后实施的，而公务员法对工资制度有明确的规定。\n</p>\n<p style=\"font-size:14px;font-family:宋体, simsun, sans-serif, Arial;background-color:#FFFFFF;\">\n	　　“总的来看，实施得还算平稳，当然现在也存在一些问题，比如说工资结构不合理，基本工资比重低，津补贴部分比重高，公务员工资正常增长机制也没建立，向基层倾斜不够。所以针对这些问题，还会做进一步调研。”尹蔚民称，政府工作报告中已经明确，要改革完善公务员工资制度。至于公务员工资水平，按照公务员法规定，要和国民经济发展水平相适应，所以人社部也会按照基本的要求进行认真论证，适时推进。\n</p>\n<p style=\"font-size:14px;font-family:宋体, simsun, sans-serif, Arial;background-color:#FFFFFF;\">\n	<strong>　　“民众对公务员整体情况不够了解”</strong>\n</p>\n<p style=\"font-size:14px;font-family:宋体, simsun, sans-serif, Arial;background-color:#FFFFFF;\">\n	　　公务员涨工资的话题，每被提及总有民众拍砖。对此，尹蔚民表示，大家对公务员工资增加确实有不同看法，他觉得大概可分两类：一是公务员自身比较委屈，特别是讲到有灰色收入，“我认为是不符合实际的，就公务员自身来讲特别是基层公务员，工作非常辛苦，收入也不高。”\n</p>\n<p style=\"font-size:14px;font-family:宋体, simsun, sans-serif, Arial;background-color:#FFFFFF;\">\n	　　另外就是社会上的一种看法，认为不公平，公务员有灰色收入和隐性收入。尹蔚民强调，这是对公务员整体情况了解不够，当然可能也跟公务员工资制度、工资政策的透明度不高有关系。今后，相关部门会加大该方面宣传，“最近有一些人讲了一些情况，对我们是很好的启示，我们要认真研究。”文/本报记者 孙静 刘一 关庆丰\n</p>\n<p style=\"font-size:14px;font-family:宋体, simsun, sans-serif, Arial;background-color:#FFFFFF;\">\n	<strong>　　聚焦</strong>\n</p>\n<p style=\"font-size:14px;font-family:宋体, simsun, sans-serif, Arial;background-color:#FFFFFF;\">\n	<strong>　　两部门相关负责人说公务员工资怎么改</strong>\n</p>\n<p style=\"font-size:14px;font-family:宋体, simsun, sans-serif, Arial;background-color:#FFFFFF;\">\n	<strong>　　公务员要调薪也要解决“灰色收入”</strong>\n</p>\n<p style=\"font-size:14px;font-family:宋体, simsun, sans-serif, Arial;background-color:#FFFFFF;\">\n	　　今年两会，公务员涨薪成了代表委员争议的热点。一些委员对公务员工资实行改革的提案，引发网友讨论。\n</p>\n<p style=\"font-size:14px;font-family:宋体, simsun, sans-serif, Arial;background-color:#FFFFFF;\">\n	　　政府工作报告指出，改革机关事业单位工资制度。公务员薪酬高还是低？该怎么改革？围绕热点话题，记者采访了人社部副部长何宪和国家公务员局党组书记兼副局长杨士秋。\n</p>\n<p style=\"font-size:14px;font-family:宋体, simsun, sans-serif, Arial;background-color:#FFFFFF;\">\n	<strong>　　公务员工资该不该调整？会涨吗？</strong>\n</p>\n<p style=\"font-size:14px;font-family:宋体, simsun, sans-serif, Arial;background-color:#FFFFFF;\">\n	<strong>　　公务员工资要调整 有关部门正在调研</strong>\n</p>\n<p style=\"font-size:14px;font-family:宋体, simsun, sans-serif, Arial;background-color:#FFFFFF;\">\n	　　全国政协委员、人力资源和社会保障部副部长何宪说：“是要调整，但还处在研究阶段。改革应当重点研究解决工资结构、地区差距等四个方面的问题。”\n</p>\n<p style=\"font-size:14px;font-family:宋体, simsun, sans-serif, Arial;background-color:#FFFFFF;\">\n	　　全国政协委员、国家公务员局党组书记兼副局长杨士秋说：“公务员工资应该上涨，目前中央已责成有关部门调研。”\n</p>\n<p style=\"font-size:14px;font-family:宋体, simsun, sans-serif, Arial;background-color:#FFFFFF;\">\n	<strong>　　公务员工资的改革重点是什么？</strong>\n</p>\n<p style=\"font-size:14px;font-family:宋体, simsun, sans-serif, Arial;background-color:#FFFFFF;\">\n	<strong>　　向基层倾斜 正在全国进行职务职级并行试点</strong>\n</p>\n<p style=\"font-size:14px;font-family:宋体, simsun, sans-serif, Arial;background-color:#FFFFFF;\">\n	　　何宪说：“未来（改革）方向是缩小地区之间的差距，形成合理的地区之间工资关系，建立艰苦边远地区津贴增长机制；此外，工资分配上要注意向基层倾斜，稳定基层工作的干部队伍。”\n</p>\n<p style=\"font-size:14px;font-family:宋体, simsun, sans-serif, Arial;background-color:#FFFFFF;\">\n	　　杨士秋说：“基层公务员非常辛苦，他们处在第一线，同时由于职级层次决定其收入也比较低，不解决这些问题，基层士气必然受到影响。目前正在全国进行公务员职务职级并行的试点，试点成熟后可能会全面推开。”\n</p>\n<p style=\"font-size:14px;font-family:宋体, simsun, sans-serif, Arial;background-color:#FFFFFF;\">\n	<strong>　　如何规范公务员工资之外的灰色收入？</strong>\n</p>\n<p style=\"font-size:14px;font-family:宋体, simsun, sans-serif, Arial;background-color:#FFFFFF;\">\n	<strong>　　优化工资结构 解决灰色收入问题</strong>\n</p>\n<p style=\"font-size:14px;font-family:宋体, simsun, sans-serif, Arial;background-color:#FFFFFF;\">\n	　　何宪说：“公务员工资制度改革，首先就是要解决工资结构不合理的问题，使基本工资占主体，优化工资结构。”\n</p>\n<p style=\"font-size:14px;font-family:宋体, simsun, sans-serif, Arial;background-color:#FFFFFF;\">\n	　　杨士秋说：“部分公务员存在灰色收入，但这也不能把该现象与整个公务员队伍，特别是基层公务员队伍收入低混谈。灰色收入应通过一系列措施解决，但公务员收入低的问题也要解决。”\n</p>\n<p style=\"font-size:14px;font-family:宋体, simsun, sans-serif, Arial;background-color:#FFFFFF;\">\n	<strong>　　怎样统筹公务员薪资水平与福利保障？</strong>\n</p>\n<p style=\"font-size:14px;font-family:宋体, simsun, sans-serif, Arial;background-color:#FFFFFF;\">\n	<strong>　　衔接好工资改革和机关事业单位养老制度关系</strong>\n</p>\n<p style=\"font-size:14px;font-family:宋体, simsun, sans-serif, Arial;background-color:#FFFFFF;\">\n	　　何宪表示，公务员工资制度改革要处理好和机关事业单位养老制度的关系，做好衔接工作。此外，将尽快研究、建立公务员与企业同类人员工资的调查比较制度。\n</p>', 'authordefault', '2014-03-10 22:06:23', null, null, '0', '17', '16', '教学通知', '学院概况', '1', '0', '0', '0');
INSERT INTO `news` VALUES ('113', '媒体称当下降房价市长比市场管用 可作为的太多了', '<p style=\"font-size:14px;font-family:宋体, simsun, sans-serif, Arial;background-color:#FFFFFF;\">\n	　近日，全国人大代表、北京市常务副市长李士祥一句“北京市区房价肯定要降”，引发热议。7日，李士祥回应称，民众理解存在误解。\n</p>\n<p style=\"font-size:14px;font-family:宋体, simsun, sans-serif, Arial;background-color:#FFFFFF;\">\n	　　“房价的大涨大跌都是不正常的。”李士祥表示，房价的起落还是要尊重市场规律。在政府层面，要逐年加大保障房的建设力度。\n</p>\n<p style=\"font-size:14px;font-family:宋体, simsun, sans-serif, Arial;background-color:#FFFFFF;\">\n	　　就理想状况而言，所有商品的价格当然都应该由市场来调节，但就目前这个仍然有失理性的房地产市场而言，要降房价，或者说引导房价理性回归，以市长为代表的政府力量恐怕要比市场的力量更管用。在这里，我们索性以“市长”代替政府力量来简化分析：\n</p>\n<p style=\"font-size:14px;font-family:宋体, simsun, sans-serif, Arial;background-color:#FFFFFF;\">\n	　　首先，准确区分调控政策的针对人群是“市长”而非市场的职责。\n</p>\n<p style=\"font-size:14px;font-family:宋体, simsun, sans-serif, Arial;background-color:#FFFFFF;\">\n	　　之前各项政策仅仅对首套购房者采取支持措施，例如税费、贷款利率以及公积金使用限制等，对于具有一定实力的改善性需求却持打压态度，例如在二套房的认定上，不以持有为准，而以购买历史为准，显然偏差极大，导致很大比例的换房需求难以实现，进而影响到市场住房供应结构的优化——无法实现换房，就无法腾退低端房源，市场上的所谓首套购房刚需供不应求的状况就更加难以缓解。\n</p>\n<p style=\"font-size:14px;font-family:宋体, simsun, sans-serif, Arial;background-color:#FFFFFF;\">\n	　　其次，无论是地价还是税费的调节都是“市长”而非市场的职责。\n</p>\n<p style=\"font-size:14px;font-family:宋体, simsun, sans-serif, Arial;background-color:#FFFFFF;\">\n	　　有媒体报道，就在今年两会上，全国政协委员、恒大集团主席许家印，向住建部副部长仇保兴投诉说，现在房地产审批中乱收费的太多，各种审批费用已占到房价成本的11%。最少的地方收37项费用，最多的地方收157项费。“哪些审批是没用的，能不能调查一下？”仇保兴看着他，没有回应。\n</p>\n<p style=\"font-size:14px;font-family:宋体, simsun, sans-serif, Arial;background-color:#FFFFFF;\">\n	　　此外，近年来，地价持续飙高，地王屡见不鲜。\n</p>\n<p style=\"font-size:14px;font-family:宋体, simsun, sans-serif, Arial;background-color:#FFFFFF;\">\n	　　高额审批费用、高额地价，哪个不是以房价为最终出口？\n</p>\n<p style=\"font-size:14px;font-family:宋体, simsun, sans-serif, Arial;background-color:#FFFFFF;\">\n	　　最后，由政府力量解决保障性住房思路不错，但错在“市长”们大包大揽以及监管不严，这更是市场力所不能及的。\n</p>\n<p style=\"font-size:14px;font-family:宋体, simsun, sans-serif, Arial;background-color:#FFFFFF;\">\n	　　所谓大包大揽指的是用保障房解决低端人群产权拥有的问题，例如经适房、产权共有房等，这种只进不出的保障房体系远不是“市长”力量能够完成的。所谓监管不严，指的就是有限的政府力量被贪污腐败、违规操作消解，出现了一些劣质问题保障房。\n</p>\n<p style=\"font-size:14px;font-family:宋体, simsun, sans-serif, Arial;background-color:#FFFFFF;\">\n	　　由此看来，要降房价，“市长”们未必真像李士祥所表示的那样无能为力，相反，可以作为的太多了，怕就怕“市长”们沉默以对。\n</p>', 'authordefault', '2014-03-10 22:07:51', null, null, '0', '17', '16', '教学通知', '学院概况', '1', '0', '0', '0');
INSERT INTO `news` VALUES ('114', '郭树清主政山东直言睡不好 川省委书记被记者喊回', '<p style=\"font-size:14px;color:#333333;font-family:宋体, simsun, sans-serif, Arial;background-color:#FFFFFF;\">\n	　 &nbsp;全国政协委员、清华大学中国与世界经济研究中心主任李稻葵谈到最近热传的楼市“崩盘”时说，“所谓‘崩盘’我认为是指交易量的萎缩，如果按这个意义讲的话，那么很多地方都已经出现了这种萎缩。”李稻葵解释，分析一个地方的房地产，不仅要看房价，还要看交易量，如果交易量维持不变，而价格下降，这就说明价格真正跌了，如果是交易量萎缩，价格下降，那就是假跌。“现在这种假跌是其实是处于一种僵持期或者说观察期，可能到下半年，等中国经济整体增长的态势出现回升的时候，价格还会有所上涨，交易量还可能会恢复。”李稻葵说。\n</p>\n<p style=\"font-size:14px;color:#333333;font-family:宋体, simsun, sans-serif, Arial;background-color:#FFFFFF;\">\n	　　<strong>市长表态北京房价肯定要降 网友：市长说了不算</strong> \n</p>\n<p style=\"font-size:14px;color:#333333;font-family:宋体, simsun, sans-serif, Arial;background-color:#FFFFFF;\">\n	　　据报道，全国人大代表、北京市常务副市长李士祥5日表示，随着京津冀一体化，北京市区的房价肯定要下降。随着政府扩大保障性住房的供给，房价会回到一个合理的理性空间。\n</p>\n<p style=\"font-size:14px;color:#333333;font-family:宋体, simsun, sans-serif, Arial;background-color:#FFFFFF;\">\n	　　不少网民表示，高房价人人喊打，市长表态控制房价勇气可嘉，但应谨防房价调控沦为数字游戏，即统计意义上的下降。须知，房价降不降，市长说了不算，市场才说了算。欲挤出楼市泡沫，让房价回归理性，光有决心不行，必须要有长效机制，必须发挥市场在商品房资源配置中的决定性作用。同时，政府也应让利。\n</p>\n<p style=\"font-size:14px;color:#333333;font-family:宋体, simsun, sans-serif, Arial;background-color:#FFFFFF;\">\n	　　<span style=\"color:#000000;\"><strong>二、公务员涨工资</strong></span> \n</p>\n<p style=\"font-size:14px;color:#333333;font-family:宋体, simsun, sans-serif, Arial;background-color:#FFFFFF;\">\n	<strong>　　孟学农：公务员觉得收入不够高可以“下海”畅游去</strong> \n</p>\n<p style=\"font-size:14px;color:#333333;font-family:宋体, simsun, sans-serif, Arial;background-color:#FFFFFF;\">\n	　　全国政协常委、社法委主任孟学衣：公务员工资问题大家都很关心，考虑到中国的国情，不赞成当前大幅度提高公务员的工资，群众会有意见。不过，应该鼓励公务员工资向基层和贫困地区倾斜。他表示，如果要调整公务员工资，也应根据社会经济发展状况和物价水平，依法依规进行调整，老百姓才能接受。将来还要通过人大预决算，纳入法制轨道。\n</p>\n<p style=\"font-size:14px;color:#333333;font-family:宋体, simsun, sans-serif, Arial;background-color:#FFFFFF;\">\n	　　“我是正部级干部，（工资）也是一万多块钱，一年20万块钱”，孟学农以自己为例说，比较起来这份收入跟履职的能力已经基本适应了，我们应该更努力地去做工作。他笑道，如果觉得公务员收入不够高，可以“下海”畅游去。\n</p>', 'authordefault', '2014-03-10 22:21:20', 'authordefault2', '2014-03-11 10:06:51', '0', '17', '16', '教学通知', '学院概况', '1', '0', '0', '0');
INSERT INTO `news` VALUES ('115', '乌克兰称军机遭炮击 俄罗斯百辆军车入克里米亚', '<p style=\"font-size:14px;font-family:宋体, simsun, sans-serif, Arial;background-color:#FFFFFF;\">\n	　　据新华社《东方时空》报道：据国际文传电讯社9日报道，乌克兰克里米亚自治共和国副总理捷米尔加利耶夫称，基辅临时政府封锁了克里米亚自治共和国财政部的电子系统，并冻结了其资产。\n</p>\n<p style=\"font-size:14px;font-family:宋体, simsun, sans-serif, Arial;background-color:#FFFFFF;\">\n	　　乌克兰方面称，8日，乌克兰一架军机在克里米亚边境处遭到炮火袭击，同一天有近百辆俄罗斯军车进入这一地区。\n</p>\n<p style=\"font-size:14px;font-family:宋体, simsun, sans-serif, Arial;background-color:#FFFFFF;\">\n	　　<strong>克武装部队成立</strong>\n</p>\n<p style=\"font-size:14px;font-family:宋体, simsun, sans-serif, Arial;background-color:#FFFFFF;\">\n	　　乌克兰边防警卫发言人8日称，一架乌克兰侦查飞机在距离乌克兰与克里米亚自治共和国边境一千米处遭到炮火袭击。据称，这架飞机没有携带武器，机上共有三名机组人员，没有人在袭击中受伤。\n</p>\n<p style=\"font-size:14px;font-family:宋体, simsun, sans-serif, Arial;background-color:#FFFFFF;\">\n	　　同一天，乌克兰克里米亚半岛费奥多西亚向首府辛菲罗波尔方向出现近百辆军车，车上满载士兵和装备。另外来自乌克兰军方人士的消息说，有目击者看见有两栖船只搭载了大约两百辆俄罗斯军车在7日晚上登陆克里米亚东部。俄罗斯方面尚未证实这一消息。\n</p>\n<p style=\"font-size:14px;font-family:宋体, simsun, sans-serif, Arial;background-color:#FFFFFF;\">\n	　　另一方面，克里米亚武装部队的成立仪式8日在辛菲罗波尔举行。克里米亚总理阿克肖诺夫为三十名身着制服的士兵授予武装部队第一师称号。阿克肖诺夫还说，在克里米亚的亲俄武装力量已达到11000人，并包围了所有的乌克兰军事基地。\n</p>', 'authordefault', '2014-03-10 22:23:38', null, null, '0', '17', '16', '教学通知', '学院概况', '1', '0', '0', '0');
INSERT INTO `news` VALUES ('118', '上海松江斜塘大桥桥面出现倾斜 已紧急封闭', '<p>\n	<span style=\"color:#2D2D2D;font-family:宋体;font-size:16px;line-height:28px;\">　<img src=\"/EntAdmin/attached/image/20140310/20140310110658_4.jpg\" alt=\"\" /></span>\n</p>\n<p>\n	<span style=\"color:#2D2D2D;font-family:宋体;font-size:16px;line-height:28px;\">今天（3月10日）早上，松蒸公路斜塘大桥</span><a class=\"firstLink\" href=\"http://db.auto.sohu.com/model_2590/\" target=\"_blank\">发现</a><span style=\"color:#2D2D2D;font-family:宋体;font-size:16px;line-height:28px;\">有坍塌隐患，目前大桥双向道路已采取紧急封闭措施。</span><strong>[<a href=\"http://pinglun.sohu.com/s396359826.html\" target=\"“_blank”\">我来说说上海松江斜塘大桥桥面出现倾斜</a>]</strong>\n</p>\n<br />\n<span style=\"color:#2D2D2D;font-family:宋体;font-size:16px;line-height:28px;\">　　记者从松江警方了解到，松蒸公路斜塘大桥今早</span><a class=\"notfirstlink\" href=\"http://db.auto.sohu.com/model_2590/\" target=\"_blank\">发现</a><span style=\"color:#2D2D2D;font-family:宋体;font-size:16px;line-height:28px;\">坍塌隐患，桥面已经出现倾斜，目前交警部门已在大桥两端采取紧急封路措施，要求过往人员、车辆绕行此桥。</span><br />\n<br />\n<span style=\"color:#2D2D2D;font-family:宋体;font-size:16px;line-height:28px;\">　　事发后，路政等部门赶到现场处置。记者从海事、路政部门获悉，昨夜，松蒸公路斜塘大桥遭到船只撞击，事后，路政和海事部门在巡查中</span><a class=\"notfirstlink\" href=\"http://db.auto.sohu.com/model_2590/\" target=\"_blank\">发现</a><span style=\"color:#2D2D2D;font-family:宋体;font-size:16px;line-height:28px;\">大桥存在垮塌隐患。目前，肇事船只已逃逸，相关部门仍在追查过程中。</span><br />\n<br />\n<span style=\"color:#2D2D2D;font-family:宋体;font-size:16px;line-height:28px;\">　　记者同时从松江区公路（市政）管理署获悉，目前公路部门已启动桥梁突发事件应急预案，被撞大桥已封闭，桥梁检测单位已到现场对受损桥墩进行检测，下阶段将尽快出台桥梁抢修方案。</span><br />\n<br />\n<span style=\"color:#2D2D2D;font-family:宋体;font-size:16px;line-height:28px;\">　　交警部门提醒，请参考以下绕行方案通行。松蒸公路西往东：松蒸公路-广庵路-塔闵公路-辰塔路，东向西：松蒸公路-辰塔路-塔闵公路-广庵路。广庵路铁路隧道限高4.2米，请大车走石湖荡高速口至大港出口下。警方提醒，请配合交警分流，不要拿自己生命当儿戏，千万不要不听劝阻硬冲大桥通行。</span>', 'authordefault', '2014-03-10 23:07:15', null, null, '1', '17', '16', '教学通知', '学院概况', '1', '0', '0', '0');
INSERT INTO `news` VALUES ('121', '王岐山“叫停”吉林省委书记：讲短点', '<p style=\"font-size:14px;font-family:宋体, simsun, sans-serif, Arial;background-color:#FFFFFF;\">\n	中国经营报\n</p>\n<p style=\"font-size:14px;font-family:宋体, simsun, sans-serif, Arial;background-color:#FFFFFF;\">\n	　　【王岐山“叫停”吉林省委书记】王岐山昨日参加吉林代表团审议。在他发言结束后，吉林省委书记王儒林总结发言，王岐山要求\"讲短点\"，王儒林回答\"可能短不了\"。王岐山指着王儒林手中的稿子：“我刚才又没稿子，你怎么知道并事先打印出来那么多呢？这不是形式主义么？你不用念了！\n</p>', 'authordefault', '2014-03-11 09:59:14', null, null, '1', '17', '16', '教学通知', '学院概况', '1', '0', '0', '0');
INSERT INTO `news` VALUES ('122', '伊朗男子“阿里先生”系马航持假护照订票者', '<div class=\"text clear\" id=\"contentText\" style=\"border:0px;margin:0px auto 24px;padding:0px;font-size:14px;color:#333333;font-family:宋体, simsun, sans-serif, Arial;background-color:#FFFFFF;\">\n	<div style=\"border:0px;margin:0px;padding:0px;\">\n		　人民网3月11日讯 据CNN最新报道，马航失联客机上有2人使用假的奥地利和意大利护照登机。根据泰国警方官员的说法，名为卡齐姆·阿里的伊朗男子在泰国订了这两张票。英国《金融时报》也报道了类似细节，泰国芭提雅“大地平线”旅行社的拥有者克鲁塔奈特称，要求为持有假护照者买机票的伊朗人是该社女职员的一个长期业务联系人（3年），女职员只知道他叫“阿里先生(Mr. Ali)”<br />\n　　报道说，这名女职员并不认为“阿里先生”与恐怖主义有联系，因为他订票时并未明确指定要订吉隆坡飞往北京的航班，只是要求预订飞欧洲的最便宜线路的机票，声称他的两位朋友要回欧洲的家。最初旅行社方面订的是卡塔尔航空，后又改为阿提哈德航空，最后又由于“机票最便宜”，遂改为与南航代码共享的马航。（老任）<br />\n　　作者：老任\n	</div>\n</div>\n<div class=\"original-title\" style=\"border:0px;margin:0px auto 13px;padding:0px;font-size:14px;background-color:#FFFFFF;color:#333333;font-family:宋体, simsun, sans-serif, Arial;\">\n	<span class=\"editer\">(责任编辑：UN643)</span>原标题：伊朗男子“阿里先生”系马航持假护照订票者\n</div>', 'authordefault', '2014-03-11 09:59:41', null, null, '0', '17', '16', '教学通知', '学院概况', '1', '0', '0', '0');
INSERT INTO `news` VALUES ('123', '国土资源部部长：小产权房处置28省份已出方案', '<p style=\"font-size:14px;font-family:宋体;background-color:#FFFFFF;\">\n	　　昨日，参加全国两会的国土资源部部长姜大明在人民大会堂接受媒体采访，回应了不动产登记、小产权房、耕地保护等热点问题。\n</p>\n<p style=\"font-size:14px;font-family:宋体;background-color:#FFFFFF;\">\n	　　将建部际联席会议制\n</p>\n<p style=\"font-size:14px;font-family:宋体;background-color:#FFFFFF;\">\n	　　姜大明称，今年6月将启动不动产统一登记，同时将建立包括9个部门的部际联席会议制度。\n</p>\n<p style=\"font-size:14px;font-family:宋体;background-color:#FFFFFF;\">\n	　　为什么要建立不动产统一登记制？姜大明解释，这是落实2007年开始执行的《物权法》。《物权法》提出要建立不动产统一登记制度，把现在分散在各个有关部门的土地、房屋、草原、林地和海域那些不动产，以土地为核心统一由国土资源部来控制。\n</p>\n<p style=\"font-size:14px;font-family:宋体;background-color:#FFFFFF;\">\n	　　“这样做有利于转变政府职能，有利于建设现代市场体系。”姜大明说。\n</p>\n<p style=\"font-size:14px;font-family:宋体;background-color:#FFFFFF;\">\n	　　同时，姜大明也指出，在不动产统一登记制度没有建立之前，现有的权属证件都是有效的。在地方还没有建立起该制度时，各个职能部门工作还要正常开展，以便企业、民众进行不动产登记。\n</p>\n<p style=\"font-size:14px;font-family:宋体;background-color:#FFFFFF;\">\n	　　小产权房：刹风治乱\n</p>\n<p style=\"font-size:14px;font-family:宋体;background-color:#FFFFFF;\">\n	&nbsp;&nbsp;&nbsp;&nbsp;【<a href=\"http://house.focus.cn/news/2014-03-11/4794536.html\" target=\"_blank\"><strong>小产权房要刹风治乱 6月提不动产统一登记条例</strong></a>】\n</p>\n<p style=\"font-size:14px;font-family:宋体;background-color:#FFFFFF;\">\n	　　针对公众关心的小产权房问题，姜大明称，小产权房目前出现了反弹乱象。“国土资源部和住建部及时发出通知，现在叫做‘刹风治乱’，就是要规范现在在建在售的小产权房的现象。”\n</p>\n<p style=\"font-size:14px;font-family:宋体;background-color:#FFFFFF;\">\n	　　姜大明透露，目前28个省（区、市）已拿出工作方案，这段时间主要针对在建在售小产权房“拆除一批、教育一批、震慑一批、问责一批”。同时，国土资源部也在对各地小产权房的情况进行清理、统计，在这个基础上再研究，提出分类处理的意见。\n</p>\n<p style=\"font-size:14px;font-family:宋体;background-color:#FFFFFF;\">\n	　　耕地保护：禁占优补劣\n</p>\n<p style=\"font-size:14px;font-family:宋体;background-color:#FFFFFF;\">\n	&nbsp;&nbsp;&nbsp; 【<a href=\"http://nn.focus.cn/news/2014-03-05/4773854.html\" target=\"_blank\"><strong>人大代表：完善耕地保护补偿机制</strong></a>】\n</p>\n<p style=\"font-size:14px;font-family:宋体;background-color:#FFFFFF;\">\n	　　姜大明强调，要坚持最严格的耕地保护制度，严防死守耕地红线，保护国家的粮食安全。\n</p>\n<p style=\"font-size:14px;font-family:宋体;background-color:#FFFFFF;\">\n	　　“第二次土地调查，我们账面上的耕地数量有所增长，但这是由于调查手段的进步，以及农村政策的影响，使土地的数量增多了，但实际上我们还是现有的这些耕地，我们的粮食都是在这些耕地上产出来的。”姜大明说。\n</p>\n<p style=\"font-size:14px;font-family:宋体;background-color:#FFFFFF;\">\n	　　姜大明承认，耕地占补平衡中确实也存在着占优补劣、占水补旱地的情况。他强调，必须要占优补优、占水田补水田。\n</p>', 'authordefault', '2014-03-11 10:00:15', null, null, '0', '17', '16', '教学通知', '学院概况', '1', '0', '0', '0');
INSERT INTO `news` VALUES ('124', '广州市长：官员财产公示怎么搞 希望中央有说法', '<div class=\"text clear\" id=\"contentText\" style=\"border:0px;margin:0px auto 24px;padding:0px;font-size:14px;color:#333333;font-family:宋体, simsun, sans-serif, Arial;background-color:#FFFFFF;\">\n	<div style=\"border:0px;margin:0px;padding:0px;\">\n		　“官员财产公示怎么搞 希望中央有说法”<br />\n　　南沙新区处级以上干部需要申报财产，并在一定范围内进行公示。“应该说效果是很明显的，下一步怎么搞，我们也希望全国人大、党中央和国务院有个说法，（要不要）统一来搞。”—全国人大代表、广州市市长陈建华<br />\n　　广东去年启动的官员财产公示试点备受社会关注，广州市南沙新区是三个试点之一。昨天，全国人大代表、广州市市长陈建华表示，南沙试行的官员财产公示效果很明显，但下一步怎么搞，希望中央有个“说法”。<br />\n　　去年，广东珠海横琴新区、韶关始兴县、广州南沙新区启动财产公示试点。因被社会寄予反腐厚望，这项试点备受舆论关注。三中全会提出，要推行新提任领导干部有关事项公开制度试点。<br />\n　　在审议中，陈建华介绍，南沙新区处级以上干部需要申报财产，并在一定范围内进行公示。“应该说效果是很明显的，下一步怎么搞，我们也希望全国人大、党中央和国务院有个说法，（要不要）统一来搞。”<br />\n　　对于公示的范围，陈建华接受北京青年报采访时模糊解释：“在内部公示，大家要如实填报，组织上可以核查。”<br />\n　　因为广州“房叔”事件，根据中纪委要求，广州市纪委去年对领导干部个人重大事项报告情况进行抽查，选定此前开展财产公开试点的广州市南沙区进行探索。有没有官员虚报财产？陈建华表示不分管这项工作，所以不了解。<br />\n　　对于地方在探索中遇到的问题，陈建华说，“有些东西下改上不改，恐怕行不通。”例如公车改革，他说，广州天河区搞了试点，但广州是个省会城市，“你市里面改了省里面不改也不行。类似这种事情，全国人大应该拿出来讨论”。<br />\n　　作者：关庆丰 (来源：北京青年报)\n	</div>\n</div>\n<div class=\"original-title\" style=\"border:0px;margin:0px auto 13px;padding:0px;font-size:14px;background-color:#FFFFFF;color:#333333;font-family:宋体, simsun, sans-serif, Arial;\">\n	<span class=\"editer\">(责任编辑：UN642)</span>原标题：广州市长：官员财产公示怎么搞 希望中央有说法\n</div>', 'authordefault', '2014-03-11 10:02:11', null, null, '0', '17', '16', '教学通知', '学院概况', '1', '0', '0', '0');
INSERT INTO `news` VALUES ('125', '教授：社会抚养费制度是恶政 应像劳教一样废止', '<div class=\"text clear\" id=\"contentText\" style=\"border:0px;margin:0px auto 24px;padding:0px;font-size:14px;color:#333333;font-family:宋体, simsun, sans-serif, Arial;background-color:#FFFFFF;\">\n	<div style=\"border:0px;margin:0px;padding:0px;\">\n		<p style=\"color:#000000;\">\n			全国政协委员、清华大学教授王名已经连续五年就调整人口政策问题提交提案。从2010年开始，王名就提案建议放开二孩管制，而从2013年开始，他的提案则进一步建议无条件全面放开生育。在王名和其他代表、委员的推动下，去年十八届三中全会中提出，要启动“单独二孩”政策，截至目前，全国已有八个省份依法启动实施“单独二孩”新政。\n		</p>\n		<p style=\"color:#000000;\">\n			　　昨日，王名在接受北京青年报记者专访时认为，全面放开二胎政策已经不是“干与不干”的问题，而只是一个技术问题。他还认为，社会抚养费制度是恶政，废止应只是时间问题。\n		</p>\n		<p style=\"color:#000000;\">\n			　　对话人：王名\n		</p>\n		<p style=\"color:#000000;\">\n			　　全国政协委员、清华大学教授\n		</p>\n		<p style=\"color:#000000;\">\n			　　<strong>单独二孩</strong>\n		</p>\n		<p style=\"color:#000000;\">\n			　　<strong>“申请人数远低于符合条件的人口基数”</strong>\n		</p>\n		<p style=\"color:#000000;\">\n			　　北青报：放开“单独二孩”后，有人认为对目前的低生育率影响有限，也有人说会显著提高生育率。您认为这个政策会产生怎样的影响？\n		</p>\n		<p style=\"color:#000000;\">\n			　　王名：我们现在还在观察“单独二孩”政策可能带来的生育率拥挤问题，我个人推测，不可能出现很高的峰值。\n		</p>\n		<p style=\"color:#000000;\">\n			　　生育率能提高多少尚需观察，希望卫计委公布相关数据，把符合条件的人口基数有多大以及每个月的“单独二孩”申请人数公布，这样就能做出分析。我认为，第一年会是很重要的反弹期，现在来看，这几个月，申请人数是有限的。尽管说北京有多少人打爆了电话，但很多只是咨询。我们现在掌握的情况是，很多城市的申请人数，远远低于符合条件的人口基数。\n		</p>\n		<p style=\"color:#000000;\">\n			　　还有一个现象是，育龄妇女的生育意愿大大下降。而且，我们的一胎化政策不是一个有效执行的政策，一胎化真正有效的人群往往是体制核心人群，体制外的边缘人群，想生的话，早就用各种方法突破了，所以，“单独二孩”作为一项公共政策的弹性值并不高，不要预期弹性值很高，这个政策实施以后，对核心人群的影响有限。\n		</p>\n		<p style=\"color:#000000;\">\n			　　北青报：那么，我国什么时候可能会全面放开二胎政策？\n		</p>\n		<p style=\"color:#000000;\">\n			　　王名：从整体上讲，我把“单独二孩”理解成一个过渡政策，从原来的一胎化政策向二胎化政策过渡的中间政策。大家关心的全面放开生育什么时候开始？现在列不出时间表，重要的是，这个阶段是要尽可能地缩短，二胎化政策对我们当前的低生育率和我们未来可能面临的人口缩减，包括人口老龄化的趋势，会有积极的影响，如果过渡期太长，这个影响就不大，我们希望这个影响大一点。\n		</p>\n		<p style=\"color:#000000;\">\n			　　北青报：现在还没全面放开二胎政策，决策层的担心主要在哪里？\n		</p>\n		<p style=\"color:#000000;\">\n			　　王名：我觉得决策层没有担心，不要把这个理解成决策层的担心，现在主要问题是，数据还没有出来。实际上，我们的政策已经转型了，只是转型以后我们需要一个观察期。转的过程需要多长，这是一个技术问题，不是一个干与不干的问题。如果说有阻力的话，我觉得可能体制上会有一些阻力，因为我们旧体制还在运行，体制上还要有一个转型的过程。\n		</p>\n		<p style=\"color:#000000;\">\n			　　北青报：是不是可以理解成，将来全面放开生育已经是一个不可阻挡的趋势了？\n		</p>\n		<p style=\"color:#000000;\">\n			　　王名：我今年的提案是全面放开生育政策，全面放开不是问题，只是什么时候放开，越早放开带来的负面影响越少，越晚放开带来的消极影响越大。\n		</p>\n		<p style=\"color:#000000;\">\n			　　<strong>社会抚养费</strong>\n		</p>\n		<p style=\"color:#000000;\">\n			　　<strong>“成立国家基金用于救助失独家庭”</strong>\n		</p>\n		<p style=\"color:#000000;\">\n			　　记者：您今年还提出要全面废止社会抚养费制度，这是基于什么考虑？\n		</p>\n		<p style=\"color:#000000;\">\n			　　王名：我认为社会抚养费是一个恶政，社会抚养费制度从一开始设计就存在问题，尽管我们是通过立法的形式。它是基于“多生孩子给社会增加负担”来考虑。那你有没有想过多生了孩子其实也是在给社会做贡献。\n		</p>\n		<p style=\"color:#000000;\">\n			　　我们现在讲人口红利，红利在哪儿呢？不就是在人口多生上带来的红利吗。\n		</p>\n		<p style=\"color:#000000;\">\n			　　北青报：如果废除了社会抚养费，是不是部分地方政府的收入会因此受到影响？\n		</p>\n		<p style=\"color:#000000;\">\n			　　王名：社会抚养费千万不要理解成是财政收入的来源，准确地说，这部分钱不是用于财政的，而是用于社会的。所以我这次提出，我们一定要关注一胎化带来的社会问题，最重要的是失独家庭问题。这个钱首先不能再征收了，如果历年征收有结余的话，我建议，把结余拿过来，成立一个国家基金，用于救助失独家庭，这就正好符合设立社会抚养费的初衷了，这个钱要公开、透明。\n		</p>\n		<p style=\"color:#000000;\">\n			　　失独家庭是谁带来的？相当程度上是一胎化带来的，所以这就需要国家来承担责任，那么就要拿社会抚养费来作为救助基金，这起码体现了国家是负责任的。除了成立国家基金给他们必要的救助外，还要动员一些社会组织来关怀、帮助他们。\n		</p>\n		<p style=\"color:#000000;\">\n			　　我的理解，社会抚养费制度要不要废止已经不是问题了，下一步就是它什么时候废止的问题了，就像前不久的劳教制度一样。\n		</p>\n		<p style=\"color:#000000;\">\n			　　北青报：和它相关的，有人认为不敢全面放开计生政策是因为全国有那么多计生干部，他们会不会因此失业？\n		</p>\n		<p style=\"color:#000000;\">\n			　　王名：不要把放开生育理解成不要计划生育，不要人口政策。我认为准确的提法应该是—计划生育的升级版。计划生育指的是，综合调节人口政策。作为一个大国，一定要有一个负责任的人口政策，关注人口政策的三个方面，而不只是生育控制这一个方面。\n		</p>\n		<p style=\"color:#000000;\">\n			　　下一步，我们需要更多计生干部来做更多的工作、来参与人口政策调整，而不是不要计生工作。第一个是怎样有效控制和稳定人口规模，别看我们现在控制人口规模，将来我们可能还需要人口激励呢，我们会有这个阶段的。第二个是人口结构，比如年龄结构，现在老龄化很严重，带来很多社会问题，包括男女性别结构也出现失衡问题。第三个就是人口质量问题。\n		</p>\n		<p style=\"color:#000000;\">\n			　　<strong>奖励生育</strong>\n		</p>\n		<p style=\"color:#000000;\">\n			　　<strong>“十年后我们的人口绝对数量会往下走”</strong>\n		</p>\n		<p style=\"color:#000000;\">\n			　　北青报：您建议要取消计划生育“一票否决制”？\n		</p>\n		<p style=\"color:#000000;\">\n			　　王名：这个主要是针对政府的政绩，是指一个地方出现超生以后，其他的工作成绩全部抹掉。政绩考核不能再拿计划生育来作为指标了。我们倒是希望，到一个阶段会反过来看，哪个地方多生了，哪个地方奖励。\n		</p>\n		<p style=\"color:#000000;\">\n			　　北青报：这是不是有点太超前了？\n		</p>\n		<p style=\"color:#000000;\">\n			　　王名：你不信的话将来看看，我们现在的总和生育率（指该国家或地区的妇女在育龄期间，每个妇女平均生育子女数）按官方口径是1.1、1.2，在这种情况下人口不萎缩才怪呢！接下来，我们会发现，社会上没什么孩子了。在这种情况下，你多生一个孩子不是对社会的贡献吗？\n		</p>\n		<p style=\"color:#000000;\">\n			　　北青报：这个过程会需要多长时间？\n		</p>\n		<p style=\"color:#000000;\">\n			　　王名：在伊朗、在新加坡、在韩国、在日本、在俄罗斯，这几年大家都看到了这种情况，日本的奖励制度金额还挺高的，俄罗斯也是，“英雄母亲”，这没几年时间啊。以前在新加坡和我国台湾地区，这以前也是严格控制人口啊，现在也奖励生育了。你说我们中国这个路能有多长？就像我们现代化一样，这么快，我们人口转型也要跟得上。\n		</p>\n		<p style=\"color:#000000;\">\n			　　我觉得这个时间不会很长，我们人口的峰值大概是在2024年左右，十年后我们人口的绝对数量会往下走。我们到了峰值往下走的时候，就会走得很快，我们现在提出呼吁人口政策调整，就是因为这个原因。\n		</p>\n		<p style=\"color:#000000;\">\n			　　文/本报记者 孙昌銮\n		</p>\n		<p style=\"color:#000000;\">\n			　　原标题：“社会抚养费制度是恶政应废止”\n		</p>\n	</div>\n</div>\n<div class=\"original-title\" style=\"border:0px;margin:0px auto 13px;padding:0px;font-size:14px;background-color:#FFFFFF;color:#333333;font-family:宋体, simsun, sans-serif, Arial;\">\n	<span class=\"editer\">(责任编辑：UN641)</span>原标题：清华教授：社会抚养费制度是恶政 应像劳教一样废止\n</div>', 'authordefault', '2014-03-11 12:41:37', null, null, '5', '17', '16', '教学通知', '学院概况', '1', '1', '0', '0');
INSERT INTO `news` VALUES ('126', '美菲军事合作获重大进展 菲方南海声调突然变硬', '<p style=\"font-size:14px;font-family:宋体, simsun, sans-serif, Arial;background-color:#FFFFFF;\">\n	　环球时报驻菲律宾特约记者报道：备受关注的菲律宾与美国第6轮驻军问题谈判9日在华盛顿结束，据《菲律宾星报》10日报道，“会谈取得实质性进展，而且富有成效”。也许是受到这一“利好消息”的鼓舞，菲律宾总统府发言人科洛马针对中国外交部长王毅8日在人大记者会上的发言强硬回应，“菲律宾也有权捍卫每一寸领土”。除了政治宣示之外，菲律宾还在南海暗搞小动作。9日，2艘菲律宾船只向仁爱礁靠近，被中国海警船发现。广西社科院东南亚研究所研究员孙小迎10日对《环球时报》表示，美菲驻军协议一旦达成，菲律宾将在南海有更多动作，中国需要警惕。\n</p>\n<p style=\"font-size:14px;font-family:宋体, simsun, sans-serif, Arial;background-color:#FFFFFF;\">\n	　　据菲律宾国防部副部长、菲方谈判组负责人巴蒂诺表示，菲美谈判小组9日在华盛顿结束了关于讨论增加美军轮驻菲律宾框架协议的第6轮谈判。该框架协议被认为将深化两国之间的防御合作。此次谈判记录称，“谈判是务实且富有成效的，取得了很大进展”。\n</p>\n<p style=\"font-size:14px;font-family:宋体, simsun, sans-serif, Arial;background-color:#FFFFFF;\">\n	　　《菲律宾每日问询者报》10日称，菲国防部发言人透露，菲美双方讨论了协议草案，并且就许多条款，其中包括协议前言、目的和范围、术语定义、建造基础设施的所有权、安全方面的协调、协议签订程序和争端解决等条款达成共识。双方将于3月底在马尼拉就剩下的问题进行谈判。巴蒂诺称，会谈展现了双方在防务、安全及人道主义救援与灾难反应等相关领域加强合作的决心。\n</p>', 'authordefault', '2014-03-11 14:07:49', null, null, '1', '18', '16', '学科介绍', '学院概况', '1', '0', '0', '0');
INSERT INTO `news` VALUES ('127', '2014春季院运动会', '2014春季院运动会', 'authordefault', '2014-03-11 15:21:42', '', '2014-03-26 22:17:16', '3', '33', '21', '学生工作', '思政天地', '1', '0', '0', '0');
INSERT INTO `news` VALUES ('171', '反腐专家：现行官员财产申报须克服3个缺陷', 'h', 'authordefault', '2014-03-14 08:55:31', null, null, '5', '17', '16', '教学通知', '学院概况', '1', '0', '0', '0');
INSERT INTO `news` VALUES ('172', '西安“药”儿园：小朋友咳出药片 被老师罚站', '<p style=\"font-size:14px;font-family:宋体, simsun, sans-serif, Arial;background-color:#FFFFFF;\">\r\n	<span style=\"font-family:\';\">&nbsp;&nbsp; 本报西安3月13日电（记者田文生）今天，针对舆论普遍关注的“西安幼儿园私自给幼儿服用处方药”事件，西安市政府新闻办通报称，两所幼儿园的法人孙某、枫韵幼儿园园长赵某、保健医生黄某等3人被刑拘。鸿基新城幼儿园园长梅某、副园长赵某及保健医生等涉事责任人被控制并审查。</span>\r\n</p>\r\n<p style=\"font-size:14px;font-family:宋体, simsun, sans-serif, Arial;background-color:#FFFFFF;\">\r\n	<br />\r\n　　西安市互联网信息办公室官方微博表示，网络所传幼儿园负责人的爱人为某区政府领导的消息不属实。<br />\r\n　　记者获悉，3月7日，该幼儿园一幼儿无意中告诉母亲“自己不会感冒，因为在学校吃了药”，按照其母亲的要求，次日将藏起来没有吃掉的药片带回给家长。经查，该药片为盐酸吗啉胍，俗称 “病毒灵”，英文缩写 “ABOB”，系处方药。随后，幼儿园的做法被更多家长知晓，3月10日晚，部分家长聚集到幼儿园。西安市相关部门和所在区立即组成工作组，进驻涉事幼儿园展开调查和处置工作。12日，鸿基新城幼儿园也发生了让幼儿服用该药造成家长聚集的情况。<br />\r\n　　微博称，经查，这两所幼儿园为同一法人，系民办。目前，枫韵幼儿园在园幼儿692名，鸿基新城幼儿园在园幼儿763名。<br />\r\n　　上述微博称，据涉事幼儿园负责人交代，因了解到盐酸吗啉胍片可以预防感冒、增强抵抗力，为提高出勤率，给部分班级的幼儿服用，此做法未事先征求幼儿家长意见。目前，具体服药情况正在进一步调查核实。<br />\r\n　　有证据显示，该幼儿园涉嫌最晚于2009年开始让幼儿园的孩子服用盐酸吗啉胍片；近年来，该校在不同年份曾分别有在2、3、4、5、8、11月里发放或者服用病毒灵的记录。<br />\r\n　　中国青年报记者获得的“2012-2013年第二学期ABOB（）领用登记表”显示，该幼儿园曾于2013年3月4日、3月11日、3月18日、4月7日、4月15日、4月22日、5月13日、5月20日“领用”ABOB，该登记表上有领用人手书的签名和日期。有学生家长据此质疑，此前官方做出的“服用时间为2~3天，未长时间服用”的结论是否属实。<br />\r\n　　记者获取的疑为枫韵幼儿园的一名老师手书的“每天工作流程”显示，该老师于9∶30分“发放16个班ABOB片，按班按人数发到每个班老师手理，并看着老师给孩吃了，再发下个班（记者注：原文如此，其中有错别字，“理”应为“里”，“孩”应为“孩子”）”。<br />\r\n　　多个在该幼儿园就读的小孩儿向记者证实，老师要求必须吃下该药片，有一次，班上的一个小朋友服药后将药片咳出，被老师罚站；老师发现有学生在厕所吐掉后，在学生服药期间，关闭厕所门，不让进厕所。\r\n</p>', 'authordefault', '2014-03-14 09:11:45', null, null, '3', '17', '16', '教学通知', '学院概况', '1', '0', '0', '0');
INSERT INTO `news` VALUES ('178', '中泰“大米换高铁”项目暂停 农业部副部长回应', '<p style=\"font-size:14px;font-family:宋体, simsun, sans-serif, Arial;background-color:#FFFFFF;\">\r\n	<strong><a href=\"http://business.sohu.com/20140314/n396572266.shtml\" target=\"_blank\">农业部副部长：\"泰国不用大米换高铁，我们就换别人\"</a></strong>\r\n</p>\r\n<p style=\"font-size:14px;font-family:宋体, simsun, sans-serif, Arial;background-color:#FFFFFF;\">\r\n	　　\"我们以平和的心态来看这个问题，做不成就做不成，我们也没有太大损失。\"牛盾进一步表示，\"比如泰国，原来计划我们每年买它100万吨大米，它给一些高铁项目（由我们来做），这是一个合理利益的合作与交换。现在它不做了，那不做了我们换别人，我们贸易是多元化的，不在一棵树上吊死。\"\r\n</p>\r\n<p style=\"font-size:14px;font-family:宋体, simsun, sans-serif, Arial;background-color:#FFFFFF;\">\r\n	　　泰国政局变化正影响到中泰的经济合作。泰国宪法法院12日判决已获国会通过的一项2.2万亿泰铢（约合678亿美元）基础设施建设项目违宪，这意味着该项目的核心部分高铁项目也将随之暂停。这一高铁项目即去年10月，中泰两国达成的备受瞩目的“大米换高铁”计划。\r\n</p>\r\n<p style=\"font-size:14px;font-family:宋体, simsun, sans-serif, Arial;background-color:#FFFFFF;\">\r\n	　　宪法法院在当天的判决中表示，英拉政府推动通过的这一贷款基建项目无论是内容还是程序都违反宪法，因此决定撤销这一项目。\r\n</p>\r\n<p style=\"font-size:14px;font-family:宋体, simsun, sans-serif, Arial;background-color:#FFFFFF;\">\r\n	　　2.2万亿泰铢贷款基建项目从制定到最后获国会通过历时整整一年。按原计划，泰政府将在接下来的7年内使用这笔贷款投资兴建水、陆、空交通设施。其中主要投资将用于兴建4条高铁，使泰国成为连通整个地区的枢纽。今年1月8日，反对党民主党以这一项目在国会的通过不符合正常程序为由，申请宪法法院对其进行裁决。\r\n</p>\r\n<p style=\"font-size:14px;font-family:宋体, simsun, sans-serif, Arial;background-color:#FFFFFF;\">\r\n	　　去年10月，中国国务院总理李克强在访问泰国后与泰国总理英拉发表《中泰关系发展远景规划》，其中称，中方有意参与廊开至帕栖高速铁路系统项目建设，以泰国农产品抵偿部分项目费用。泰方欢迎中方意向，将适时在2013年10月11日签署的《中泰政府关于泰国铁路基础设施发展与泰国农产品交换的政府间合作项目的谅解备忘录》基础上，与中方探讨相关事宜。这一合作方式被形象地形容为“大米换高铁”。泰国宪法法院12日作出的判决也意味着这一项目正式流产。民主党律师团队在法院判决后透露，接下来将以推动违宪议案为由，对看守总理英拉发起弹劾。\r\n</p>\r\n<p style=\"font-size:14px;font-family:宋体, simsun, sans-serif, Arial;background-color:#FFFFFF;\">\r\n	　　英拉在本月11日接受采访时表示，如果这一项目被判违宪，泰国将遗憾地失去一个大力发展基础设施建设的机会。泰国工业协会此前也表示，如果这一项目被撤销，可能影响泰国未来数年的经济增长。\r\n</p>\r\n<p style=\"font-size:14px;font-family:宋体, simsun, sans-serif, Arial;background-color:#FFFFFF;\">\r\n	　　（据新华社、《东方早报》）\r\n</p>', 'authordefault', '2014-03-14 11:37:13', null, null, '3', '17', '16', '教学通知', '学院概况', '1', '0', '0', '0');
INSERT INTO `news` VALUES ('179', '外媒：总参部分职能或转入国防部 组建陆军总部', '<p style=\"font-size:14px;font-family:宋体, simsun, sans-serif, Arial;background-color:#FFFFFF;\">\r\n	&nbsp;&nbsp;&nbsp;&nbsp;新报称，中共中央总书记、国家主席、中央军委主席习近平15日以中央军委深化国防和军队改革领导小组（军改组）组长的身份主持召开军改组第一次全体会议。习近平强调，没有军队组织形态现代化，就没有国防和军队现代化。要深入推进领导指挥体制、力量结构、政策制度等方面改革，为建设巩固国防和强大军队提供有力制度支撑。\r\n</p>\r\n<p style=\"font-size:14px;font-family:宋体, simsun, sans-serif, Arial;background-color:#FFFFFF;\">\r\n	　　新加坡《联合早报》3月16日报道称，针对解放军现有体制编制有诸多不适应信息化战争的弊端，去年11月的中共十八届三中全会决定，解放军今后一段时间的改革重点是深化军队体制编制调整改革。推进领导管理体制改革，优化军委总部领导机关职能配置和机构设置，完善各军兵种领导管理体制。健全军委联合作战指挥机构和战区联合作战指挥体制，推进联合作战训练和保障体制改革。完善新型作战力量领导体制。加强信息化建设集中统管。优化武装警察部队力量结构和指挥管理体制。优化军队规模结构，调整改善军兵种比例、官兵比例、部队与机关比例，减少非战斗机构和人员。\r\n</p>\r\n<p style=\"font-size:14px;font-family:宋体, simsun, sans-serif, Arial;background-color:#FFFFFF;\">\r\n	　　报道说，有关军事学者分析，为了优化军委总部领导机关职能配置和机构设置，<span style=\"color:#0000FF;\">解放军可能将现在由总部承担的直接领导管理陆军部队职能剥离，组建陆军总部；将总后勤部与总装备部承担的武器装备研发和保障职能合并，组建新的总后勤装备部；将总参谋部承担的部分军政职能转入国防部，国防部初步实现实体化。</span>\r\n</p>\r\n<p style=\"font-size:14px;font-family:宋体, simsun, sans-serif, Arial;background-color:#FFFFFF;\">\r\n	　　同时，解放军也可能借鉴美国等发达国家的做法，设立类似“美军参谋长联席会议”的联合作战指挥机构，提高各兵种联合作战能力；精简现有的七大军区，将各大军区由单纯的区域内陆军指挥管理机构，转变为战区内各军兵种的联合作战训练和保障机构；建立和完善新型作战力量领导体制，应对美军海空一体战、网络战等新型作战形式。\r\n</p>', 'authordefault', '2014-03-17 21:16:02', null, null, '11', '17', '16', '教学通知', '学院概况', '1', '0', '0', '0');
INSERT INTO `news` VALUES ('181', '记者问是否应该向家属道歉 马政府回应', '<p style=\"font-size:14px;font-family:宋体, simsun, sans-serif, Arial;background-color:#FFFFFF;\">\r\n	　凤凰卫视记者闾丘露薇报道，马方今日下午举行记者会。记者会要点包括：飞机失联当天1点07分，第一套通讯系统关闭，因为每半小时应该自动回传，但却没有了。1点19分副驾驶和塔台最后通话，声音正在分析，不便透露；。从第一天开始，马方即和FBI合作。\r\n</p>\r\n<p style=\"font-size:14px;font-family:宋体, simsun, sans-serif, Arial;background-color:#FFFFFF;\">\r\n	　　另外，几个小时前，马交通部长希沙姆丁要求中国再次调查乘客背景；马澳中哈联手搜寻工作展开；南走廊分成两部分，澳洲印尼分别主导。\r\n</p>\r\n<p style=\"font-size:14px;font-family:宋体, simsun, sans-serif, Arial;background-color:#FFFFFF;\">\r\n	　　现场有英国记者问，“马政府是否应该向家属道歉”，希沙姆丁回答：“政府是负责任的，你这样问是不负责任的。”\r\n</p>', 'authordefault', '2014-03-17 21:40:51', null, null, '4', '17', '16', '教学通知', '学院概况', '1', '0', '0', '0');
INSERT INTO `news` VALUES ('182', '俄国家杜马主席称将尽快接纳克里米亚入俄', '<div class=\"text clear\" id=\"contentText\" style=\"border:0px;margin:0px auto 24px;padding:0px;font-size:14px;color:#333333;font-family:宋体, simsun, sans-serif, Arial;background-color:#FFFFFF;\">\r\n	<div style=\"border:0px;margin:0px;padding:0px;\">\r\n		　　新华网莫斯科3月17日电（记者刘怡然）俄罗斯国家杜马（议会下院）主席纳雷什金17日说，俄罗斯将尽快接纳克里米亚加入俄罗斯。<br />\r\n　　据国际文传电讯社报道，纳雷什金当天表示，俄罗斯将承认克里米亚独立，并将“迅速且负责任地”做出一切关于克里米亚加入俄罗斯的决定。<br />\r\n　　俄罗斯国家杜马（议会下院）副主席谢尔盖·涅韦罗夫同日表示，俄杜马将于21日开始审议有关克里米亚并入俄罗斯的所有必要法案，这一工作将是杜马的优先方向，审议程序将灵活掌握，俄罗斯将在最短时间内就克里米亚入俄通过立法决定。<br />\r\n　　俄联邦委员会（议会上院）副主席伊利亚斯·乌马哈诺夫也表示，有关接纳克里米亚加入俄罗斯的立法程序不会拖延，俄方将在最短时间内做出相关立法决定。<br />\r\n　　乌克兰克里米亚自治共和国决定自身地位的全民公决投票于当地时间16日举行。根据已公布的初步统计结果，公投最终投票率为83.1%，其中赞成加入俄罗斯的选票超过了96%。乌克兰克里米亚自治共和国最高理事会（议会）17日做出决定宣布独立，成为主权国家，名为克里米亚共和国，最高理事会还向俄罗斯联邦提出建议，以新的自治主体加入俄罗斯联邦。\r\n	</div>\r\n</div>\r\n<div class=\"original-title\" style=\"border:0px;margin:0px auto 13px;padding:0px;font-size:14px;background-color:#FFFFFF;color:#333333;font-family:宋体, simsun, sans-serif, Arial;\">\r\n	<span class=\"editer\">(责任编辑：UN628)</span>原标题：俄国家杜马主席称将尽快接纳克里米亚入俄\r\n</div>', 'authordefault', '2014-03-17 21:53:57', null, null, '6', '17', '16', '教学通知', '学院概况', '1', '0', '0', '0');
INSERT INTO `news` VALUES ('183', '今凌晨一艘有中国船员货船和韩国船相撞沉没', '<span style=\"font-family:宋体, simsun, sans-serif, Arial;font-size:14px;line-height:26px;background-color:#FFFFFF;\">新华网快讯：中国驻日大使馆说，一艘有20名中国船员的巴拿马籍货船和一艘韩国货船18日凌晨在日本神奈川县附近水域相撞沉没，11名中国船员获救、9人下落不明。</span>', 'admin', '2014-03-18 12:59:33', null, null, '4', '17', '16', '教学通知', '学院概况', '1', '0', '0', '0');
INSERT INTO `news` VALUES ('184', '冰壶世锦赛中国胜苏格兰获三连胜 末局一分退敌', '<p style=\"font-size:14px;font-family:宋体, simsun, sans-serif, Arial;background-color:#FFFFFF;\">\r\n	　　北京时间3月18日，2014年女子冰壶世锦赛在加拿大圣约翰继续进行，在循环赛第八轮比赛中，刘斯佳领衔的中国队凭借第十局的关键一分，以8-7绝杀苏格兰队，取得三连胜。目前中国队与韩国、俄罗斯、美国均为3胜2负，而瑞士队以五连胜领跑积分榜。\r\n</p>\r\n<p style=\"font-size:14px;font-family:宋体, simsun, sans-serif, Arial;background-color:#FFFFFF;\">\r\n	　　本届世锦赛，中国队派出了年轻的阵容，主将刘斯佳、还有王芮、刘金莉、佘秋彤、姜懿伦，这个队伍只有刘金莉以替补身份参加过世锦赛。首战，中国队以5-12输给了美国队，次战中国队在3-1领先的情况下被瑞士队逆转，在遭遇两连败后，中国队连续击败捷克和韩国队，目前的战绩为2胜2负，晋级四强并非没有希望。\r\n</p>\r\n<p style=\"font-size:14px;font-family:宋体, simsun, sans-serif, Arial;background-color:#FFFFFF;\">\r\n	　　中国队在循环赛的第五个对手是苏格兰队，由于缪尔黑德参加了索契冬奥会，因此错过了国内的选拔赛，这次代表苏格兰参赛的是凯瑞-巴尔（Kerry Barr）的队伍，另外三人分别是三垒西姆斯(Rachael Simms)，二垒麦克劳德(Rhiann Macleod)，一垒迈克帕克(Barbara McPake)。这支队伍参加了2013年的中国公开赛，其中凯瑞-巴尔以替补身份参加过2006年世锦赛，在2008年世青赛中她担任三垒。\r\n</p>\r\n<p style=\"font-size:14px;font-family:宋体, simsun, sans-serif, Arial;background-color:#FFFFFF;\">\r\n	　　首局比赛，先手进攻的中国队防守密不透风，无奈之下苏格兰队只依靠打甩拿到1分。第二局轮到中国队后手，队员们击打果断，特别是刘斯佳，她的两次投壶不仅精准，而且点线控制得非常好，中国队成功拿到两分。第三局，中国队的战术非常明确，就是不让对手拿高分，四垒对峙中，凯瑞-巴尔两次投壶都出现了不同程度的失误，刘斯佳趁机打乱对手的布局，结果苏格兰队拿到了1分，前三局过后，两支队伍战成2-2平。\r\n</p>\r\n<p style=\"font-size:14px;font-family:宋体, simsun, sans-serif, Arial;background-color:#FFFFFF;\">\r\n	　　第四局比赛，中国队开始给对手施压，她们边区占位的战术虽然遭到破坏，但在大本营中国队形成了两只得分壶，关键时刻苏格兰队双飞失误，刘斯佳两次投壶到位，中国队再次拿到两分。第五局，不甘示弱的苏格兰队还以颜色，两队以4-4平结束上半场较量。\r\n</p>\r\n<p style=\"font-size:14px;font-family:宋体, simsun, sans-serif, Arial;background-color:#FFFFFF;\">\r\n	　　下半场第六局，中国队保持了较好的竞技状态，她们依靠后手优势得到了两分，以6-4再次领跑。第七局，中国队先手进攻，她们控分成功，只让苏格兰队拿到了1分，不过中国队在第八局也没有太好的机会，只有一只得分壶，在拿到1分后，中国队以7-5领先，形势对中国队依然不错。\r\n</p>\r\n<p style=\"font-size:14px;font-family:宋体, simsun, sans-serif, Arial;background-color:#FFFFFF;\">\r\n	　　第九局比赛，中国队先手进攻，苏格兰队放手一搏，利用中国队在关键壶的手软后手拿到两分，顽强将比分追至7平。第十局，中国队后手进攻，刘斯佳顶住压力，成功拿到1分，最终中国队以8-7险胜苏格兰队，取得了三连胜。\r\n</p>\r\n<p style=\"font-size:14px;font-family:宋体, simsun, sans-serif, Arial;background-color:#FFFFFF;\">\r\n	　　其他场次比赛中，加拿大以9-3战胜了美国队，瑞士以7-3力挫丹麦队。目前的积分榜上，瑞士队以五连胜高居首位，加拿大和瑞典队同为4胜1负，中国、韩国、俄罗斯和美国队均为3胜2负，苏格兰队2胜3负，拉脱维亚和丹麦队1胜4负，而捷克和德国队均为四连败。（万筠）\r\n</p>', 'admin', '2014-03-18 13:00:00', null, null, '4', '17', '16', '教学通知', '学院概况', '1', '0', '0', '0');
INSERT INTO `news` VALUES ('185', '环球时报：俄美不是两只蛐蛐，互掐恐殃中国', '<p style=\"font-size:14px;font-family:宋体, simsun, sans-serif, Arial;background-color:#FFFFFF;\">\r\n	&nbsp; &nbsp;克里米亚16日的公投完成了俄罗斯拿回这一半岛的外围法律铺垫，俄杜马(议会下院)已表示将接收克里米亚“回归”，但最关键的人物普京尚未对此表态。\r\n</p>\r\n<p style=\"font-size:14px;font-family:宋体, simsun, sans-serif, Arial;background-color:#FFFFFF;\">\r\n	　　普京的志向看来不是要为俄罗斯版图增加不到千分之二的土地，他要的是俄罗斯大国尊严和复兴。而莫斯科认为，西方始于20多年前苏联解体对俄的战略挤压仍在变本加厉，俄不下猛力根本挡不住它的惯性。\r\n</p>\r\n<p style=\"font-size:14px;font-family:宋体, simsun, sans-serif, Arial;background-color:#FFFFFF;\">\r\n	　　克里米亚以及整个乌克兰危机的后果看来比人们想的更严重。尽管迄今没有发生主要力量之间的军事摩擦，但这场危机促使西方和俄罗斯都在重新评估对方的敌意，这种揣测有可能失去克制，变得歇斯底里，从而毁掉西方与俄重新合作的最低信任基础。\r\n</p>\r\n<p style=\"font-size:14px;font-family:宋体, simsun, sans-serif, Arial;background-color:#FFFFFF;\">\r\n	　　尤其是，西方对莫斯科的敌视已在相当程度上转化为对普京个人的厌恶，这大体等于关上了它们同俄罗斯达成谅解的最重要渠道。\r\n</p>\r\n<p style=\"font-size:14px;font-family:宋体, simsun, sans-serif, Arial;background-color:#FFFFFF;\">\r\n	　　奥巴马17日宣布了对俄罗斯启动制裁，欧盟同日也作了宣布。西方大概认为承受不起在乌克兰问题上的战略退缩。但是莫斯科和普京本人更承受不起在克里米亚的失败。西方或许当前首先需要一个台阶，而莫斯科同时需要台阶和西方对其挤压的真正收敛。\r\n</p>\r\n<p style=\"font-size:14px;font-family:宋体, simsun, sans-serif, Arial;background-color:#FFFFFF;\">\r\n	　　即使奥巴马等西方政治领导人意识到之前去乌克兰挖俄罗斯墙脚做过了头，美欧大国针对莫斯科做战略调整也很难。这从美欧舆论对普京排山倒海般的抨击就不难估摸出来。而对于普京和莫斯科来说，显然早就做好了比当前局势更坏的准备。\r\n</p>\r\n<p style=\"font-size:14px;font-family:宋体, simsun, sans-serif, Arial;background-color:#FFFFFF;\">\r\n	　　欧洲不会重现冷战，但西方与俄罗斯的关系大倒退在所难免。旧世纪的思维方式和博弈手段会部分复辟，全球政治氛围将变得紧张、敏感，不确定性将从国际政治领域逐渐向其他领域蔓延。\r\n</p>\r\n<p style=\"font-size:14px;font-family:宋体, simsun, sans-serif, Arial;background-color:#FFFFFF;\">\r\n	　　一旦西方与俄罗斯的对立失去节制，最终将殃及中国。这不是两只蛐蛐的撕咬，而更像是两只巨兽相互吼叫。届时对国际局势的重估将导致很多国家行为的改变，进而改写中国崛起的外部战略环境，中国将面临接踵而至的抉择。\r\n</p>\r\n<p style=\"font-size:14px;font-family:宋体, simsun, sans-serif, Arial;background-color:#FFFFFF;\">\r\n	　　为避免坏局面的出现，中国需要采取行动。我们首先要做出努力，促使乌克兰局势不出现轮番升级。中国有必要在西方同俄罗斯之间扮演更积极的劝和角色，帮助双方搭建缓和的台阶。未来一个时期西方与俄处在是否加剧对抗的十字路口，中国不是对双方微不足道的力量，尽管做不了裁判，但由于中国的分量和态度，我们显然也不是观众席上乱吹没人理的一把哨子。\r\n</p>\r\n<p style=\"font-size:14px;font-family:宋体, simsun, sans-serif, Arial;background-color:#FFFFFF;\">\r\n	　　二是中国社会需要真正看懂西方面对俄罗斯瘦弱的GDP数据却露出怯色的戏剧性一幕。地缘政治竞争的最后摊牌，军事实力是无可取代的支撑性力量。俄罗斯经过苏联解体及经济衰退的长期削弱，却仍能令西方敬畏，这是中国今天GDP总量四五倍于俄罗斯也无法做到的。\r\n</p>\r\n<p style=\"font-size:14px;font-family:宋体, simsun, sans-serif, Arial;background-color:#FFFFFF;\">\r\n	　　中国需要加快军事现代化步伐，特别要发展战略核力量，这是中国其他领域什么样的成就都代替不了的进步。莫斯科这次发动的抵制会刺激西方重新评估大国综合能力的兴趣，军事力量今后被当做潜在外交杠杆的可能性或会增加。而不能不说，中国是大国中军力短板比较明显的例子。\r\n</p>\r\n<p style=\"font-size:14px;font-family:宋体, simsun, sans-serif, Arial;background-color:#FFFFFF;\">\r\n	　　此外，中国缺少对抗西方的经验和民间精神，一旦事到临头，中国社会或难在西方的联手围攻下坚持。中国当然要避免这样的对抗，但我们需要有不惧这种对抗的能力。这是中国综合力量得以成型不可缺少的元素。\r\n</p>', 'admin', '2014-03-18 13:00:41', null, null, '4', '17', '16', '教学通知', '学院概况', '1', '0', '0', '0');
INSERT INTO `news` VALUES ('186', '中国驻马大使：排除中国乘客参与恐怖活动嫌疑', '<p style=\"font-size:16px;text-indent:2em;color:#252525;font-family:宋体, sans-serif;text-align:justify;background-color:#FFFFFF;\">\r\n	央视新闻\r\n</p>\r\n<p style=\"font-size:16px;text-indent:2em;color:#252525;font-family:宋体, sans-serif;text-align:justify;background-color:#FFFFFF;\">\r\n	#马航飞机失联#【可以排除中国乘客涉嫌恐怖和破坏活动的嫌疑】在今天上午10点召开的中国驻马大使媒体发布会上，黄惠康大使表示，中方对所有乘客进行了详细调查，其中没有发现任何有破坏行为的证据，所以可以排除中国乘客涉嫌进行恐怖和破坏活动的嫌疑。\r\n</p>\r\n<p style=\"font-size:16px;text-indent:2em;color:#252525;font-family:宋体, sans-serif;text-align:justify;background-color:#FFFFFF;\">\r\n	【发布会消息要点】①可以排除中国乘客涉嫌恐怖和破坏活动的嫌疑 ②因涉及刑事调查，很多信息不宜对外公开 ③现在面临的问题是谣言满天飞 ④目前搜索区域过大，搜救难度一点没减。（央视记者吕小品）\r\n</p>', 'admin', '2014-03-18 13:04:13', null, null, '5', '17', '16', '教学通知', '学院概况', '1', '0', '0', '0');
INSERT INTO `news` VALUES ('187', '中国根据马方新信息调整搜救失联客机方案', '<p style=\"font-size:16px;text-indent:2em;color:#252525;font-family:宋体, sans-serif;text-align:justify;background-color:#FFFFFF;\">\r\n	马来西亚航空公司客机失联已进入第9天,搜索范围不断扩大,多国救援力量参与对失联客机的搜寻,至今没有发现踪迹。\r\n</p>\r\n<p style=\"font-size:16px;text-indent:2em;color:#252525;font-family:宋体, sans-serif;text-align:justify;background-color:#FFFFFF;\">\r\n	马来西亚警察总长哈立德·阿布·巴卡尔16日说,马方正加紧调查失联客机的机组人员和乘客情况。他透露,两名飞行员并未要求一同执飞这趟航班。\r\n</p>\r\n<p style=\"font-size:16px;text-indent:2em;color:#252525;font-family:宋体, sans-serif;text-align:justify;background-color:#FFFFFF;\">\r\n	马民航局总监爱资哈尔丁表示,飞机向卫星发出信号时有可能停留在陆地上。\r\n</p>\r\n<p style=\"font-size:16px;text-indent:2em;color:#252525;font-family:宋体, sans-serif;text-align:justify;background-color:#FFFFFF;\">\r\n	马来西亚国防部长兼代理交通部长希沙姆丁在同一场记者会上表示,目前参与搜救的国家已从14个增加到25个,这为搜救工作的协调“带来了新挑战”。\r\n</p>\r\n<p style=\"font-size:16px;text-indent:2em;color:#252525;font-family:宋体, sans-serif;text-align:justify;background-color:#FFFFFF;\">\r\n	<b>敦促马方加强搜救</b>\r\n</p>\r\n<p style=\"font-size:16px;text-indent:2em;color:#252525;font-family:宋体, sans-serif;text-align:justify;background-color:#FFFFFF;\">\r\n	马来西亚交通部16日在一份声明中说,正在和失联客机最后与卫星失去联系的两个可能区域内的国家联系并求助,同时对该客机的正副机长展开调查。\r\n</p>\r\n<p style=\"font-size:16px;text-indent:2em;color:#252525;font-family:宋体, sans-serif;text-align:justify;background-color:#FFFFFF;\">\r\n	声明说,失联客机的搜救工作仍然是由马来西亚主导的多国行动,马来西亚官员正在和失联客机最后与卫星失去联系的两个可能区域里的国家联系并向它们求助,这些国家包括哈萨克斯坦、乌兹别克斯坦、吉尔吉斯斯坦、土库曼斯坦、巴基斯坦、孟加拉国、印度、中国、缅甸、老挝、越南、泰国、印度尼西亚、澳大利亚和法国。\r\n</p>\r\n<p style=\"font-size:16px;text-indent:2em;color:#252525;font-family:宋体, sans-serif;text-align:justify;background-color:#FFFFFF;\">\r\n	声明还表示,按照正常的程序,马来西亚皇家警察正在对失联客机上所有的机组人员和乘客进行调查,飞机起飞前与该客机有过接触的工程师也在被调查之列。警方15日搜查了失联客机机长的家,警员与机长家属进行了谈话,并且专家正在检查机长的飞行模拟器。当天,警方也搜查了副机长的家。\r\n</p>\r\n<p style=\"font-size:16px;text-indent:2em;color:#252525;font-family:宋体, sans-serif;text-align:justify;background-color:#FFFFFF;\">\r\n	中国海上搜救中心部际联席会16日召开马航失联客机紧急会商会,就后续搜救方案等内容进行了会商,要求现场舰船抓紧时间完成后勤补给,赴马专家组搜救领域专家积极发挥作用、及时掌握马搜救机构搜救信息。\r\n</p>\r\n<p style=\"font-size:16px;text-indent:2em;color:#252525;font-family:宋体, sans-serif;text-align:justify;background-color:#FFFFFF;\">\r\n	中国外交部副部长谢杭生15日下午紧急约见马来西亚驻华大使萨鲁丁。谢杭生表示,中国政府、举国上下高度关注马方15日宣布的马航失联航班的最新信息。中方决定,敦促马方继续加大搜救力度,就搜救部署的调整与中方密切沟通,并继续向中方提供更为全面、准确的情况。\r\n</p>\r\n<p style=\"font-size:16px;text-indent:2em;color:#252525;font-family:宋体, sans-serif;text-align:justify;background-color:#FFFFFF;\">\r\n	谢杭生说,客机下落仍然不明,中国乘客家属焦急万分,马方要切实负起责任,做好家属安抚工作。中方派出的技术专家于15日晚出发,赴马来西亚加入政府联合工作组,请马方继续提供最大限度的支持与协助。\r\n</p>\r\n<p style=\"font-size:16px;text-indent:2em;color:#252525;font-family:宋体, sans-serif;text-align:justify;background-color:#FFFFFF;\">\r\n	<b>多国救援力量持续搜索</b>\r\n</p>\r\n<p style=\"font-size:16px;text-indent:2em;color:#252525;font-family:宋体, sans-serif;text-align:justify;background-color:#FFFFFF;\">\r\n	搜救方面,中方15日晚召开马航失联客机应急领导小组第14次会议,决定搜救力量不减,搜寻方向调整,中国海上搜救中心将优化搜救方案。\r\n</p>\r\n<p style=\"font-size:16px;text-indent:2em;color:#252525;font-family:宋体, sans-serif;text-align:justify;background-color:#FFFFFF;\">\r\n	鉴于马来西亚方面发布了新的信息,中国海上搜救中心正与马来西亚海上搜救机构进一步沟通核实详细情况。下一步,将继续发挥国家海上搜救部际联席会议制度的优势,根据马方提供的数据,结合前一阶段中国搜救舰船的搜寻情况,加强研判,制定科学合理的搜救方案,重新调整部署中方搜救力量。\r\n</p>\r\n<p style=\"font-size:16px;text-indent:2em;color:#252525;font-family:宋体, sans-serif;text-align:justify;background-color:#FFFFFF;\">\r\n	中国海上搜救中心主任何建中介绍,截至15日18时,中方搜救力量已在疑似事发海域连续搜寻150余个小时,累计搜寻89052平方公里,累计扫测面积8441.3平方公里。\r\n</p>\r\n<p style=\"font-size:16px;text-indent:2em;color:#252525;font-family:宋体, sans-serif;text-align:justify;background-color:#FFFFFF;\">\r\n	同时,15日12时至16日12时,中国海上搜救中心协调“新浦东”、“紫荆松”等多艘过往商船在马六甲海峡划定水域进行搜寻,搜寻面积840平方公里,未发现可疑情况。此外,中国海上搜救中心已协调航经印度洋、孟加拉湾及澳大利亚西部海域的中国籍商船协助搜寻。\r\n</p>\r\n<p style=\"font-size:16px;text-indent:2em;color:#252525;font-family:宋体, sans-serif;text-align:justify;background-color:#FFFFFF;\">\r\n	印度海军、空军和海岸警卫队已连续3天在安达曼海和孟加拉湾对失联客机进行搜寻,至今没有收获。印度军方人士15日说,印度海空军飞机、舰船和海岸警卫队在安达曼海域和孟加拉湾进行了大面积搜寻,没有发现飞机的任何痕迹。驻扎在安达曼群岛布莱尔港的印度海军指挥部官员说,印度海军舰只与在马六甲海峡的马来西亚海军一直保持联系。\r\n</p>\r\n<p style=\"font-size:16px;text-indent:2em;color:#252525;font-family:宋体, sans-serif;text-align:justify;background-color:#FFFFFF;\">\r\n	几天来,印度海空军和海岸警卫队已出动了至少6艘军舰和7架飞机参与搜索。印度军方人士说,搜索行动还将继续。\r\n</p>\r\n<p style=\"font-size:16px;text-indent:2em;color:#252525;font-family:宋体, sans-serif;text-align:justify;background-color:#FFFFFF;\">\r\n	孟加拉国官方15日说,孟方将派出军舰和飞机当天开始参与搜索。孟加拉国国防部的一份声明说,根据孟总理哈西娜的指示,两艘护卫舰“法鲁克号”和“邦格班杜号”及两架海事巡逻飞机将参加搜救行动,“行动将首先从孟加拉湾和相邻地区展开,如有必要,将拓展到更广阔的区域”。搜救行动没有时间限制。\r\n</p>\r\n<p style=\"font-size:16px;text-indent:2em;color:#252525;font-family:宋体, sans-serif;text-align:justify;background-color:#FFFFFF;\">\r\n	印尼空军发言人哈迪·查延托15日说,印尼海军和空军自10日起已在亚齐特区附近的马六甲海域展开联合搜索,截至目前,均未发现任何有关失联客机的线索。此外,在印尼其他地区开展的搜索行动也没有结果。\r\n</p>\r\n<p style=\"font-size:16px;text-indent:2em;color:#252525;font-family:宋体, sans-serif;text-align:justify;background-color:#FFFFFF;\">\r\n	针对有分析说失联客机可能在印尼境内坠毁,印尼国家搜救中心工作人员孙佩诺说,在马来西亚的两名印尼官员告诉他,马方对于飞机现在的具体位置依然不能确定,但不太可能坠落在印尼海域。\r\n</p>\r\n<p style=\"font-size:16px;text-indent:2em;color:#252525;font-family:宋体, sans-serif;text-align:justify;background-color:#FFFFFF;\">\r\n	<b>“待机”信号成唯一线索</b>\r\n</p>\r\n<p style=\"font-size:16px;text-indent:2em;color:#252525;font-family:宋体, sans-serif;text-align:justify;background-color:#FFFFFF;\">\r\n	目前揭示马航失联客机可能去向的唯一线索,是这架波音777型客机内一个数据系统通信装置发出的信号。\r\n</p>\r\n<p style=\"font-size:16px;text-indent:2em;color:#252525;font-family:宋体, sans-serif;text-align:justify;background-color:#FFFFFF;\">\r\n	作为美国飞机制造商波音公司“飞机状况管理”(AHM)系统的数据通信运营商,国际海事卫星组织14日声明,已经向马来西亚方面提供所获马航370航班信号。\r\n</p>\r\n<p style=\"font-size:16px;text-indent:2em;color:#252525;font-family:宋体, sans-serif;text-align:justify;background-color:#FFFFFF;\">\r\n	正是依据对这些数字信号的分析和推算,马方15日下午发布失联客机8日凌晨与地面失去联系几个小时后可能航迹的半径,继而重新确立空中、海上和地面搜寻范围。\r\n</p>\r\n<p style=\"font-size:16px;text-indent:2em;color:#252525;font-family:宋体, sans-serif;text-align:justify;background-color:#FFFFFF;\">\r\n	波音公司为这架777客机配备AHM系统,用于实时采集并发送飞机运行状态数据,用以就维护需求提醒用户,帮助提高运行效率。只是,这一系统及其服务属于波音公司额外收费项目。\r\n</p>\r\n<p style=\"font-size:16px;text-indent:2em;color:#252525;font-family:宋体, sans-serif;text-align:justify;background-color:#FFFFFF;\">\r\n	多名美国航空界人士说,AHM借助卫星发送数据,出于费用考虑,马航没有购买此项服务。14日以前,马航没有接获AHM数据。\r\n</p>\r\n<p style=\"font-size:16px;text-indent:2em;color:#252525;font-family:宋体, sans-serif;text-align:justify;background-color:#FFFFFF;\">\r\n	尽管不予启用,只要飞机还在运行,AHM所附数据通信装置就处于“待机”状态。国际海事卫星组织副总裁戴维·科雷告诉媒体记者,向马航提供370航班信号同时,通信装置每隔一个小时自动发送一次脉冲信号,显示自身正在“待机”。\r\n</p>\r\n<p style=\"font-size:16px;text-indent:2em;color:#252525;font-family:宋体, sans-serif;text-align:justify;background-color:#FFFFFF;\">\r\n	通信专家解释,这种情形类似手机,即使尚未启用服务或者由电信运营商停止服务,依然会向手机基站发送信号。\r\n</p>\r\n<p style=\"font-size:16px;text-indent:2em;color:#252525;font-family:宋体, sans-serif;text-align:justify;background-color:#FFFFFF;\">\r\n	马航370航班AHM系统通信装置“\r\n</p>', 'admin', '2014-03-18 13:04:39', null, null, '7', '17', '16', '教学通知', '学院概况', '1', '0', '0', '0');
INSERT INTO `news` VALUES ('188', '日本近海发生撞船事故 8名中国人下落不明', '<p style=\"font-size:16px;text-indent:2em;color:#252525;font-family:宋体, sans-serif;text-align:justify;background-color:#FFFFFF;\">\r\n	中国网3月18日讯 据日本NHK新闻网站消息，日本海上保安厅第3管区表示，18日凌晨,一艘载有20名中国船员的巴拿马籍货船与一艘韩国货船在日本神奈川县附近水域相撞沉没，导致9名中国船员下落不明，其中一人已被找到，但目前处于心肺功能停止状态。\r\n</p>\r\n<p style=\"font-size:16px;text-indent:2em;color:#252525;font-family:宋体, sans-serif;text-align:justify;background-color:#FFFFFF;\">\r\n	新国际“【新华社快讯】中国驻日大使馆说，一艘有20名中国船员的巴拿马籍货船和一艘韩国货船18日凌晨在日本神奈川县附近水域相撞沉没，11名中国船员获救、9人下落不明。\r\n</p>\r\n<p style=\"font-size:16px;text-indent:2em;color:#252525;font-family:宋体, sans-serif;text-align:justify;background-color:#FFFFFF;\">\r\n	新华网东京3月18日电 两艘外国籍货船18日凌晨在日本神奈川县三浦半岛附近水域相撞，其中一艘巴拿马籍集装箱船沉没。中国驻日使馆提供的消息说，巴拿马籍货船上有20名中国船员，其中11人已经获救，9人目前下落不明。\r\n</p>\r\n<p style=\"font-size:16px;text-indent:2em;color:#252525;font-family:宋体, sans-serif;text-align:justify;background-color:#FFFFFF;\">\r\n	位于神奈川县横滨市的日本第三管区海上保安本部提供的信息显示，当地时间18日3时20分左右，一艘巴拿马籍货船和一艘韩国籍货船在距神奈川县三浦市港湾约8公里的浦贺水道发生相撞，导致巴拿马籍货船沉没。\r\n</p>\r\n<p style=\"font-size:16px;text-indent:2em;color:#252525;font-family:宋体, sans-serif;text-align:justify;background-color:#FFFFFF;\">\r\n	此前日本媒体报道，巴拿马籍货船上的20名中国船员中，已有12人获救。但第三管区海上保安本部向新华社记者确认，截至8时左右，已救起11名中国船员，救援行动仍在进行。韩国籍货船船首受损，14名船员无恙。\r\n</p>\r\n<p style=\"font-size:16px;text-indent:2em;color:#252525;font-family:宋体, sans-serif;text-align:justify;background-color:#FFFFFF;\">\r\n	中国驻日使馆闻讯后立即启动应急机制，与日方保持密切联系，要求继续全力搜救失踪人员，妥善安置被救助船员。使馆领事官员正在赶往现场。\r\n</p>', 'admin', '2014-03-18 13:05:26', null, null, '4', '17', '16', '教学通知', '学院概况', '1', '0', '0', '0');
INSERT INTO `news` VALUES ('189', '哲学与宗教学学院', ' 哲宗是个好学院', 'admin', '2014-03-19 16:03:07', '', '2014-03-19 20:41:38', '7', '34', '16', '学院简介', '学院概况', '1', '0', '0', '1');
INSERT INTO `news` VALUES ('197', 'Test', '测试', 'admin', '2014-03-20 10:55:40', null, null, '6', '17', '16', '教学通知', '学院概况', '1', '0', '1', '0');
INSERT INTO `news` VALUES ('198', '运动会一等奖', '大', 'admin', '2014-03-23 14:55:32', null, null, '3', '63', '61', '个人荣誉', '荣誉室', '1', '0', '0', '0');
INSERT INTO `news` VALUES ('199', '习近平提出中国应对核恐怖主义袭击“三道防线”', '<div class=\"text clear\" id=\"contentText\" style=\"border:0px;margin:0px auto 24px;padding:0px;font-size:14px;color:#333333;font-family:宋体, simsun, sans-serif, Arial;background-color:#FFFFFF;\">\r\n	<div style=\"border:0px;margin:0px;padding:0px;\">\r\n		<p style=\"color:#000000;\">\r\n			　南都讯 （特派荷兰海牙记者 虞伟 娜迪娅）北京时间今天凌晨，中国工业和信息化部部长苗圩在荷兰透露，中国国家主席习近平在峰会参加互动式讨论环节时，提出了中国应对核恐怖主义袭击的“三道防线”，应该说这既是中国的经验，也是中国的主张。\r\n		</p>\r\n		<p style=\"color:#000000;\">\r\n			　　<strong>中国原子能机构副主任王毅韧透露，中国原子能法法规草案正征求意见</strong>\r\n		</p>\r\n		<p style=\"color:#000000;\">\r\n			　　<strong>峰会取得四大积极成果</strong>\r\n		</p>\r\n		<p style=\"color:#000000;\">\r\n			　　荷兰当地时间25日下午7时45分（北京时间今天凌晨2时45分），第三届核安全峰会闭幕之后，中国代表团随之举行了新闻发布会，工业和信息化部部长苗圩和中国原子能机构副主任王毅韧出席。\r\n		</p>\r\n		<p style=\"color:#000000;\">\r\n			　　苗圩说，当前核能发展不断往前推进，全球的反恐形势更趋复杂，加强核安全依然是任重道远。这次峰会提出的未来核安全行动计划和工作清单，对于中国既是压力也是动力，需要各国继续努力。\r\n		</p>\r\n		<p style=\"color:#000000;\">\r\n			　　苗圩认为，此次核安全峰会承前启后，意义重大，取得了积极的成果。一是进一步巩固了前两次峰会的成果，扩大和加深了国际社会的核安全共识；二是各国相互学习借鉴核安全领域的先进经验，促进了核安全领域开展更有效的协调合作；三是峰会就如何规划未来核安全机制进行过深入的讨论，各国一致同意继续推进核安全峰会的进程；四是通过公报重申了各国对于核安全负有根本的责任，提出了加强核安全的具体措施和建议。\r\n		</p>\r\n		<p style=\"color:#000000;\">\r\n			　　此外中方强调，加强核安保不应该妨碍各国和平使用核能源的权力，各国对核安保负有根本的责任。\r\n		</p>\r\n		<p style=\"color:#000000;\">\r\n			　　<strong>“三道防线”系中国主张</strong>\r\n		</p>\r\n		<p style=\"color:#000000;\">\r\n			　　苗圩说，如何构建一个国际合作的新的机制也是本次峰会大家都关心的一个问题，包括习近平主席在内都参加了昨日下午的模拟的核恐怖主义袭击的场景，大家对这个情况做了应对和选择，最后对整个选择、模拟的事件作出评论，这是很有意义的一件事。习近平积极参加了讨论会，针对具体案例提出了构建三道防线，应对核危机的一个倡议：第一道：预防为主、常抓不懈，加强核材料的使用和保护；第二道：统一领导、快速反应，做好危机的应对工作；第三道：加强合作，互利共赢，形成国际的合力。应该说这既是中国的经验，也是中国的主张。\r\n		</p>\r\n		<p style=\"color:#000000;\">\r\n			　　<strong>核材料非法贩卖数据中国不对外公开</strong>\r\n		</p>\r\n		<p style=\"color:#000000;\">\r\n			　　对于记者询问的中国有关原子能法的立法进展，王毅韧透露，已经纳入了国务院立法计划。他解释，中国核能事业快速发展，急需有这样一部涉及到核能发展的顶层法律法规，这一点已经达成共识已经有了一个原则的基本的法规草案，正在征求有关部门的意见。\r\n		</p>\r\n		<p style=\"color:#000000;\">\r\n			　　关于记者提出的核材料非法贩卖数据库的问题，王毅韧说，国际原子能机构非法贩卖数据库已经拥有124个成员国，2012年9月至2013年9月，各国向数据库报告事件共155起。我国是2006年加入该数据库，中国的数据由国家原子能机构向国际原子能机构，但数据不对外公开。但中国在这方面一直保持良好的记录，中国对核材料核设施监管措施得力，也跟国际接轨。\r\n		</p>\r\n	</div>\r\n</div>\r\n<div class=\"original-title\" style=\"border:0px;margin:0px auto 13px;padding:0px;font-size:14px;background-color:#FFFFFF;color:#333333;font-family:宋体, simsun, sans-serif, Arial;\">\r\n	<span class=\"editer\">(责任编辑：UN625)</span>原标题：习近平提出中国应对核恐怖主义袭击“三道防线”\r\n</div>', 'admin', '2014-03-26 22:45:21', null, null, '3', '32', '31', '学术天地', '学术科研', '1', '0', '0', '0');
INSERT INTO `news` VALUES ('200', '明日有大专家来演讲', '欢迎', 'admin', '2014-03-26 23:11:05', null, null, '2', '43', '31', '科研通知', '学术科研', '1', '0', '0', '0');
INSERT INTO `news` VALUES ('202', '33', '55', 'admin', '2014-03-26 23:21:54', null, null, '4', '17', '16', '教学通知', '学院概况', '1', '0', '1', '0');
INSERT INTO `news` VALUES ('203', '院长寄语', '<p style=\"font-size:14px;font-family:宋体, simsun, sans-serif, Arial;background-color:#FFFFFF;\">\r\n	环球网报道：据法新社3月28日报道，俄罗斯总统普京28日祝贺俄罗斯军队在接管克里米亚过程中出色地完成了任务，称他们展现了俄军队的“新能力”。\r\n</p>\r\n<p style=\"font-size:14px;font-family:宋体, simsun, sans-serif, Arial;background-color:#FFFFFF;\">\r\n	　　法新社援引了俄罗斯新闻机构报道称，普京表示，最近发生在克里米亚的事情对于俄罗斯军队而言是一次严峻考验，他们在这个过程中展示了俄罗斯军队“新能力”，以及崇高的道德精神。\r\n</p>\r\n<p style=\"font-size:14px;font-family:宋体, simsun, sans-serif, Arial;background-color:#FFFFFF;\">\r\n	　　法新社称，这是普京首次承认俄罗斯军队直接参与接管克里米亚。\r\n</p>', 'admin', '2014-03-29 17:52:00', null, null, '19', '74', '16', '院长寄语', '学院概况', '0', '0', '0', '1');
INSERT INTO `news` VALUES ('204', '444', 'dffas', 'admin', '2014-04-02 22:08:15', null, null, '0', '17', '16', '教学通知', '学院概况', '1', '0', '1', '0');
INSERT INTO `news` VALUES ('205', 'd', 'd', 'admin', '2014-04-09 14:56:14', null, null, '1', '60', '56', '校园招聘', '就业信息', '1', '1', '1', '0');

-- ----------------------------
-- Table structure for `picgd`
-- ----------------------------
DROP TABLE IF EXISTS `picgd`;
CREATE TABLE `picgd` (
  `picID` int(3) NOT NULL AUTO_INCREMENT,
  `picLocation` char(200) DEFAULT NULL,
  `href` char(200) DEFAULT NULL,
  `picOrder` int(3) DEFAULT NULL,
  PRIMARY KEY (`picID`)
) ENGINE=InnoDB AUTO_INCREMENT=60 DEFAULT CHARSET=utf8;

-- ----------------------------
-- Records of picgd
-- ----------------------------
INSERT INTO `picgd` VALUES ('57', '/EntAdmin/attached/image/20140325/20140325173203_519.jpg', 'http://www.baidu.com/', '1');
INSERT INTO `picgd` VALUES ('58', '/EntAdmin/attached/image/20140325/20140325173226_575.jpg', 'http://www.baidu.com/', '2');
INSERT INTO `picgd` VALUES ('59', '/EntAdmin/attached/image/20140325/20140325173237_188.jpg', 'http://www.baidu.com/', '3');

-- ----------------------------
-- Table structure for `picslider`
-- ----------------------------
DROP TABLE IF EXISTS `picslider`;
CREATE TABLE `picslider` (
  `picID` int(3) NOT NULL AUTO_INCREMENT,
  `picLocation` char(200) DEFAULT NULL,
  `picName` char(200) DEFAULT NULL,
  `newsID` int(10) DEFAULT NULL,
  `newsTitle` char(200) DEFAULT NULL,
  `href` char(200) DEFAULT NULL,
  `isChecked` char(20) DEFAULT NULL,
  `picOrder` int(3) DEFAULT NULL,
  PRIMARY KEY (`picID`)
) ENGINE=InnoDB AUTO_INCREMENT=54 DEFAULT CHARSET=utf8;

-- ----------------------------
-- Records of picslider
-- ----------------------------
INSERT INTO `picslider` VALUES ('47', '/EntAdmin/attached/image/1.jpg', '20140325173251_930.jpg', '-1', '#', '#', null, '1');
INSERT INTO `picslider` VALUES ('50', '/EntAdmin/attached/image/2.jpg', '20140325173332_953.jpg', '-1', '#', '#', null, '2');
INSERT INTO `picslider` VALUES ('51', '/EntAdmin/attached/image/3.jpg', '20140325173344_902.jpg', '-1', '#', '#', null, '4');
INSERT INTO `picslider` VALUES ('52', '/EntAdmin/attached/image/4.jpg', '20140325173354_921.jpg', '-1', '#', '#', null, '5');
INSERT INTO `picslider` VALUES ('53', '/EntAdmin/attached/image/5.jpg', '20140331222452_192.jpg', '-1', '#', '#', null, '3');

-- ----------------------------
-- Table structure for `secondsec`
-- ----------------------------
DROP TABLE IF EXISTS `secondsec`;
CREATE TABLE `secondsec` (
  `secID` int(5) NOT NULL AUTO_INCREMENT,
  `firstID` int(5) DEFAULT NULL,
  `secName` char(50) DEFAULT NULL,
  `firstName` char(50) DEFAULT NULL,
  `orders` int(5) DEFAULT NULL,
  `isContent` int(2) DEFAULT NULL,
  `contentOrder` int(2) DEFAULT NULL,
  PRIMARY KEY (`secID`)
) ENGINE=InnoDB AUTO_INCREMENT=18 DEFAULT CHARSET=utf8;

-- ----------------------------
-- Records of secondsec
-- ----------------------------
INSERT INTO `secondsec` VALUES ('10', '4', '本科你好', '本科教育', '1', null, null);
INSERT INTO `secondsec` VALUES ('16', '4', '本科教育规划', '本科教育', '6', null, null);
INSERT INTO `secondsec` VALUES ('17', '4', '未知条目', '本科教育', '3', null, null);

-- ----------------------------
-- Table structure for `section`
-- ----------------------------
DROP TABLE IF EXISTS `section`;
CREATE TABLE `section` (
  `secID` int(3) NOT NULL AUTO_INCREMENT,
  `isFirst` char(10) DEFAULT NULL COMMENT '是否第一导航',
  `isNav` char(10) DEFAULT NULL,
  `isContent` char(10) DEFAULT NULL,
  `secName` char(100) DEFAULT NULL,
  `secIDforSub` int(2) DEFAULT NULL,
  `subNavName` char(100) DEFAULT NULL COMMENT '二级导航名',
  `secLocate` char(20) DEFAULT NULL,
  `navOrder` int(2) DEFAULT NULL,
  `conOrder` int(2) DEFAULT NULL,
  `showUL` char(5) DEFAULT NULL,
  PRIMARY KEY (`secID`)
) ENGINE=InnoDB AUTO_INCREMENT=77 DEFAULT CHARSET=utf8;

-- ----------------------------
-- Records of section
-- ----------------------------
INSERT INTO `section` VALUES ('16', 'Y', 'Y', 'N', '学院概况', '0', '', 'left', '1', '1', '1');
INSERT INTO `section` VALUES ('17', 'N', 'Y', 'Y', '学院概况', '16', '教学通知', 'left', '3', '1', '1');
INSERT INTO `section` VALUES ('18', 'N', 'Y', 'N', '学院概况', '16', '学科介绍', 'left', '6', '1', '1');
INSERT INTO `section` VALUES ('20', 'Y', 'Y', 'N', '党团建设', '0', null, 'left', '2', '1', '1');
INSERT INTO `section` VALUES ('21', 'Y', 'Y', 'N', '思政天地', '0', null, 'right', '6', '2', '1');
INSERT INTO `section` VALUES ('22', 'Y', 'Y', 'N', '本科教学', '0', null, 'left', '4', '1', '1');
INSERT INTO `section` VALUES ('23', 'Y', 'Y', 'N', '研究生教学', '0', null, 'left', '5', '1', '1');
INSERT INTO `section` VALUES ('24', 'Y', 'Y', 'N', '985.211', '0', null, 'left', '7', '1', '1');
INSERT INTO `section` VALUES ('25', 'Y', 'N', 'N', '答疑', '0', null, 'left', '9', '1', '1');
INSERT INTO `section` VALUES ('26', 'N', 'Y', 'N', '答疑', '25', '留言版', 'left', '1', '1', '1');
INSERT INTO `section` VALUES ('28', 'N', 'Y', 'N', '思政天地', '21', '社团工作', 'left', '2', '1', '1');
INSERT INTO `section` VALUES ('29', 'Y', 'Y', 'N', '国际交流', '0', null, 'left', '8', '1', '1');
INSERT INTO `section` VALUES ('31', 'Y', 'Y', 'N', '学术科研', '0', null, 'left', '3', '1', '1');
INSERT INTO `section` VALUES ('32', 'N', 'Y', 'Y', '学术科研', '31', '学术天地', 'left', '3', '2', '1');
INSERT INTO `section` VALUES ('33', 'N', 'Y', 'Y', '思政天地', '21', '学生工作', 'right', '1', '1', '1');
INSERT INTO `section` VALUES ('34', 'N', 'Y', 'N', '学院概况', '16', '学院简介', 'left', '1', '1', '2');
INSERT INTO `section` VALUES ('35', 'N', 'Y', 'N', '学院概况', '16', '现任领导', 'left', '2', '1', '4');
INSERT INTO `section` VALUES ('36', 'N', 'Y', 'N', '学院概况', '16', '机构设置', 'left', '4', '1', '1');
INSERT INTO `section` VALUES ('37', 'N', 'Y', 'N', '学院概况', '16', '师资队伍', 'left', '5', '1', '3');
INSERT INTO `section` VALUES ('38', 'N', 'Y', 'N', '党团建设', '20', '党总支', 'left', '1', '1', '1');
INSERT INTO `section` VALUES ('39', 'N', 'Y', 'N', '党团建设', '20', '团总支', 'left', '2', '1', '1');
INSERT INTO `section` VALUES ('40', 'N', 'Y', 'N', '学术科研', '31', '科研机构', 'left', '1', '1', '1');
INSERT INTO `section` VALUES ('41', 'N', 'Y', 'N', '学术科研', '31', '学术讲座', 'left', '2', '1', '1');
INSERT INTO `section` VALUES ('43', 'N', 'Y', 'N', '学术科研', '31', '科研通知', 'left', '5', '1', '1');
INSERT INTO `section` VALUES ('44', 'N', 'Y', 'N', '学术科研', '31', '科研成果', 'left', '6', '1', '1');
INSERT INTO `section` VALUES ('45', 'N', 'Y', 'N', '本科教学', '22', '本科招生', 'left', '1', '1', '1');
INSERT INTO `section` VALUES ('46', 'N', 'Y', 'N', '本科教学', '22', '本科教学', 'left', '1', '1', '1');
INSERT INTO `section` VALUES ('47', 'N', 'Y', 'N', '研究生教学', '23', '研究生招生', 'left', '1', '1', '1');
INSERT INTO `section` VALUES ('48', 'N', 'Y', 'N', '研究生教学', '23', '研究生教学', 'left', '2', '1', '1');
INSERT INTO `section` VALUES ('49', 'N', 'Y', 'N', '思政天地', '21', '学生会', 'left', '3', '1', '1');
INSERT INTO `section` VALUES ('50', 'N', 'Y', 'N', '思政天地', '21', '研究生会', 'left', '4', '1', '1');
INSERT INTO `section` VALUES ('54', 'N', 'Y', 'N', '国际交流', '29', '外事信息', 'left', '1', '1', '1');
INSERT INTO `section` VALUES ('55', 'N', 'Y', 'N', '国际交流', '29', '对外派出', 'left', '2', '1', '1');
INSERT INTO `section` VALUES ('56', 'Y', 'N', 'N', '就业信息', '0', null, 'left', '1', '1', '1');
INSERT INTO `section` VALUES ('57', 'Y', 'N', 'N', '资料下载', '0', null, 'left', '2', '1', '1');
INSERT INTO `section` VALUES ('58', 'N', 'Y', 'N', '资料下载', '57', '软件', 'left', '1', '1', '1');
INSERT INTO `section` VALUES ('59', 'N', 'Y', 'N', '资料下载', '57', '文档', 'left', '2', '1', '1');
INSERT INTO `section` VALUES ('60', 'N', 'Y', 'N', '就业信息', '56', '校园招聘', 'left', '1', '1', '1');
INSERT INTO `section` VALUES ('61', 'Y', 'N', 'N', '荣誉室', '0', null, 'left', '3', '1', '1');
INSERT INTO `section` VALUES ('62', 'N', 'Y', 'N', '荣誉室', '61', '团体荣誉', 'left', '1', '1', '1');
INSERT INTO `section` VALUES ('63', 'N', 'Y', 'N', '荣誉室', '61', '个人荣誉', 'left', '2', '1', '1');
INSERT INTO `section` VALUES ('65', 'Y', 'N', 'Y', '多彩生活', '0', null, 'center', '1', '1', '1');
INSERT INTO `section` VALUES ('72', 'Y', 'Y', 'N', '院友会', '0', null, 'left', '10', '1', '1');
INSERT INTO `section` VALUES ('73', 'N', 'Y', 'Y', '思政天地', '21', '经典阅读', 'right', '5', '2', '1');
INSERT INTO `section` VALUES ('74', 'N', 'N', 'Y', '学院概况', '16', '院长寄语', 'left', '7', '1', '2');
INSERT INTO `section` VALUES ('75', 'N', 'Y', 'N', '985.211', '24', '985工程', 'left', '1', '1', '1');
INSERT INTO `section` VALUES ('76', 'N', 'Y', 'N', '985.211', '24', '211工程', 'left', '2', '1', '1');

-- ----------------------------
-- Table structure for `statistic`
-- ----------------------------
DROP TABLE IF EXISTS `statistic`;
CREATE TABLE `statistic` (
  `visitTimes` double(10,0) DEFAULT NULL,
  `visitID` int(5) NOT NULL DEFAULT '0',
  PRIMARY KEY (`visitID`)
) ENGINE=InnoDB DEFAULT CHARSET=utf8;

-- ----------------------------
-- Records of statistic
-- ----------------------------
INSERT INTO `statistic` VALUES ('1332', '1');

-- ----------------------------
-- Table structure for `teacher`
-- ----------------------------
DROP TABLE IF EXISTS `teacher`;
CREATE TABLE `teacher` (
  `teaLeaID` int(10) NOT NULL AUTO_INCREMENT,
  `teaLeaName` char(200) DEFAULT NULL,
  `teaLeaProfile` text,
  `tlID` int(11) DEFAULT NULL,
  `tlName` char(100) DEFAULT NULL,
  PRIMARY KEY (`teaLeaID`)
) ENGINE=InnoDB DEFAULT CHARSET=utf8;

-- ----------------------------
-- Records of teacher
-- ----------------------------

-- ----------------------------
-- Table structure for `teacherleader`
-- ----------------------------
DROP TABLE IF EXISTS `teacherleader`;
CREATE TABLE `teacherleader` (
  `tlID` int(3) NOT NULL AUTO_INCREMENT,
  `tlName` char(100) DEFAULT NULL,
  `tlType` int(3) DEFAULT NULL COMMENT '1教师2领导',
  `tlOrder` int(3) DEFAULT NULL,
  PRIMARY KEY (`tlID`)
) ENGINE=InnoDB AUTO_INCREMENT=9 DEFAULT CHARSET=utf8;

-- ----------------------------
-- Records of teacherleader
-- ----------------------------
INSERT INTO `teacherleader` VALUES ('5', '教授', '1', '1');
INSERT INTO `teacherleader` VALUES ('6', '副教授', '1', '1');
INSERT INTO `teacherleader` VALUES ('7', '院长', '2', '2');
INSERT INTO `teacherleader` VALUES ('8', '书记', '2', '1');
